label,label_meaning,coverage_tier,perf_tier,n_perturbations_covered,mip_start,branch_priorities,lp_basis,bound_tightening,var_hint,zono_bounds,n1_probe,relax_threshold,relax_mode,sibling_gate,n_tested,n_win,n_lose,gm_win,gm_lose,gm_all,gm_all_with_lp,max_speed_up,min_speed_up,delta_error_avg,delta_error_abs_avg,delta_error_max,delta_error_min,elim_org_avg,elim_pert_avg,relaxed_org_avg,relaxed_pert_avg,n_win_seeds,n_flip_seeds,n_lose_seeds,archs_covered,tested_perturbations,c_targets_covered
medium-avg-win-risky,"2 perturbation(s), 1 arch(s); gm_all < 0.952x, worst cell > 1.333x",medium,avg-win-risky,2,no,off,no,yes,prev_pgd,no,off,0.5,btpr,no,30,22,8,0.294x,1.408x,0.376x,0.376x,0.044x,2.280x,-0.100456,0.505315,0.643433,-9.086567,elim not activated,elim not activated,82,85.6,0,1,0,cnn1,"occ(eps_5,5,5) | patch(eps_1,14,14,3)","3,4,5,6,7,8"
medium-avg-win-risky,"2 perturbation(s), 1 arch(s); gm_all < 0.952x, worst cell > 1.333x",medium,avg-win-risky,2,no,off,no,yes,direct_pgd,no,off,0.5,btpr,no,29,19,10,0.298x,1.247x,0.376x,0.376x,0.067x,1.411x,-0.157921,0.476426,0.464476,-9.157949,elim not activated,elim not activated,82,85.7,0,1,0,cnn1,"occ(eps_5,5,5) | patch(eps_1,14,14,3)","3,4,5,6,7,8"
medium-avg-win-risky,"2 perturbation(s), 1 arch(s); gm_all < 0.952x, worst cell > 1.333x",medium,avg-win-risky,2,no,off,no,yes,prev_pgd,no,off,0.0,btpr,no,30,20,10,0.275x,1.382x,0.403x,0.403x,0.082x,2.600x,-0.258561,0.358125,0.173398,-9.135695,elim not activated,elim not activated,0,0,0,1,0,cnn1,"occ(eps_5,5,5) | patch(eps_1,14,14,3)","3,4,5,6,7,8"
medium-avg-win-risky,"2 perturbation(s), 1 arch(s); gm_all < 0.952x, worst cell > 1.333x",medium,avg-win-risky,2,no,off,no,yes,direct_pgd,yes,off,0.5,btpr,no,29,19,10,0.290x,1.399x,0.430x,0.430x,0.083x,2.868x,-0.156974,0.477372,0.633031,-9.157949,elim not activated,elim not activated,82,85.7,0,1,0,cnn1,"occ(eps_5,5,5) | patch(eps_1,14,14,3)","3,4,5,6,7,8"
medium-avg-win-risky,"2 perturbation(s), 1 arch(s); gm_all < 0.952x, worst cell > 1.333x",medium,avg-win-risky,2,no,off,no,yes,direct_pgd,yes,off,0.0,btpr,no,27,16,11,0.294x,1.684x,0.473x,0.473x,0.096x,2.455x,-0.339764,0.353108,0.049092,-9.137883,elim not activated,elim not activated,0,0,0,1,0,cnn1,"occ(eps_5,5,5) | patch(eps_1,14,14,3)","3,4,5,6,7,8"
medium-avg-win-risky,"2 perturbation(s), 1 arch(s); gm_all < 0.952x, worst cell > 1.333x",medium,avg-win-risky,2,no,off,no,yes,no,no,off,0.0,btpr,no,29,14,15,0.272x,1.747x,0.550x,0.550x,0.100x,9.679x,-0.309174,0.341901,0.129863,-9.202379,elim not activated,elim not activated,0,0,0,1,0,cnn1,"occ(eps_5,5,5) | patch(eps_1,14,14,3)","3,4,5,6,7,8"
medium-avg-win-risky,"2 perturbation(s), 1 arch(s); gm_all < 0.952x, worst cell > 1.333x",medium,avg-win-risky,2,no,off,no,yes,no,yes,off,0.0,btpr,no,29,14,15,0.304x,1.852x,0.613x,0.613x,0.110x,10.944x,-0.249502,0.285267,0.129863,-9.202379,elim not activated,elim not activated,0,0,0,1,0,cnn1,"occ(eps_5,5,5) | patch(eps_1,14,14,3)","3,4,5,6,7,8"
medium-avg-win-risky,"2 perturbation(s), 1 arch(s); gm_all < 0.952x, worst cell > 1.333x",medium,avg-win-risky,2,no,off,no,yes,direct_pgd,no,off,0.0,btpr,no,27,12,15,0.270x,2.465x,0.626x,0.626x,0.097x,25.965x,-0.332037,0.360182,0.118816,-9.137883,elim not activated,elim not activated,0,0,0,1,0,cnn1,"occ(eps_5,5,5) | patch(eps_1,14,14,3)","3,4,5,6,7,8"
medium-avg-win-risky,"3 perturbation(s), 2 arch(s); gm_all < 0.952x, worst cell > 1.333x",medium,avg-win-risky,3,no,off,no,yes,prev_pgd,no,off,0.0,btpr,yes,53,37,16,0.563x,1.449x,0.654x,0.654x,0.262x,2.621x,0.052801,0.063216,0.158033,-0.107910,elim not activated,elim not activated,0,0,0,1,0,"3x50,cnn1","occ(eps_3,3,5) | occ(eps_5,5,5) | patch(eps_1,14,14,3)","0,1,2,3,4,5,6,7,8,9"
medium-avg-win-risky,"2 perturbation(s), 1 arch(s); gm_all < 0.952x, worst cell > 1.333x",medium,avg-win-risky,2,no,off,no,yes,no,yes,off,0.5,btpr,no,29,21,8,0.595x,1.443x,0.707x,0.707x,0.308x,2.025x,0.151971,0.156551,0.464475,-0.040072,elim not activated,elim not activated,82,85.1,0,1,0,cnn1,"occ(eps_5,5,5) | patch(eps_1,14,14,3)","3,4,5,6,7,8"
medium-avg-win-risky,"2 perturbation(s), 1 arch(s); gm_all < 0.952x, worst cell > 1.333x",medium,avg-win-risky,2,no,off,no,yes,no,no,off,0.5,btpr,no,29,20,9,0.604x,1.437x,0.724x,0.724x,0.320x,1.970x,0.148929,0.153508,0.464475,-0.040072,elim not activated,elim not activated,82,85.1,0,1,0,cnn1,"occ(eps_5,5,5) | patch(eps_1,14,14,3)","3,4,5,6,7,8"
medium-avg-win-risky,"2 perturbation(s), 1 arch(s); gm_all < 0.952x, worst cell > 1.333x",medium,avg-win-risky,2,no,off,no,yes,no,no,off,0.1,btpr,no,18,14,4,0.616x,2.276x,0.771x,0.771x,0.350x,3.660x,-0.000477,0.025340,0.080868,-0.071768,elim not activated,elim not activated,1,1.3,0,1,0,cnn1,"occ(eps_5,5,5) | patch(eps_1,14,14,3)","3,4,5,6,7,8"
medium-avg-win-risky,"2 perturbation(s), 1 arch(s); gm_all < 0.952x, worst cell > 1.333x",medium,avg-win-risky,2,no,off,no,yes,no,yes,off,0.1,btpr,no,18,14,4,0.632x,2.265x,0.784x,0.784x,0.427x,3.384x,-0.013360,0.018644,0.025047,-0.071768,elim not activated,elim not activated,1,1.2,0,1,0,cnn1,"occ(eps_5,5,5) | patch(eps_1,14,14,3)","3,4,5,6,7,8"
medium-avg-win-risky,"2 perturbation(s), 1 arch(s); gm_all < 0.952x, worst cell > 1.333x",medium,avg-win-risky,2,no,off,no,yes,direct,yes,off,0.0,btpr,no,18,12,6,0.594x,1.321x,0.795x,0.795x,0.395x,2.044x,0.000093,0.026707,0.075855,-0.117066,elim not activated,elim not activated,0,0,0,1,0,cnn1,"occ(eps_5,5,5) | patch(eps_1,14,14,3)","3,4,5,6,7,8"
medium-avg-win-risky,"2 perturbation(s), 1 arch(s); gm_all < 0.952x, worst cell > 1.333x",medium,avg-win-risky,2,no,off,no,yes,no,yes,off,0.05,btpr,no,18,11,7,0.599x,1.626x,0.840x,0.840x,0.433x,3.222x,-0.017648,0.018780,0.006290,-0.071768,elim not activated,elim not activated,1,1.2,0,1,0,cnn1,"occ(eps_5,5,5) | patch(eps_1,14,14,3)","3,4,5,6,7,8"
medium-avg-win-risky,"2 perturbation(s), 1 arch(s); gm_all < 0.952x, worst cell > 1.333x",medium,avg-win-risky,2,no,off,no,yes,direct,no,off,0.0,btpr,no,18,10,8,0.591x,1.340x,0.841x,0.841x,0.433x,2.027x,-0.002114,0.028330,0.102007,-0.117066,elim not activated,elim not activated,0,0,0,1,0,cnn1,"occ(eps_5,5,5) | patch(eps_1,14,14,3)","3,4,5,6,7,8"
medium-avg-win-risky,"2 perturbation(s), 1 arch(s); gm_all < 0.952x, worst cell > 1.333x",medium,avg-win-risky,2,no,off,no,yes,direct,no,off,0.5,btpr,no,17,11,6,0.603x,1.227x,0.866x,0.866x,0.436x,2.689x,0.119778,0.119778,0.285361,0.012309,elim not activated,elim not activated,82,85.2,0,1,0,cnn1,"occ(eps_5,5,5) | patch(eps_1,14,14,3)","3,4,5,6,7,8"
medium-avg-win-risky,"2 perturbation(s), 1 arch(s); gm_all < 0.952x, worst cell > 1.333x",medium,avg-win-risky,2,no,off,no,yes,prev,no,off,0.0,btpr,no,11,8,3,0.737x,1.633x,0.868x,0.868x,0.409x,2.533x,0.045363,0.053236,0.125455,-0.027392,elim not activated,elim not activated,0,0,0,1,0,cnn1,"occ(eps_5,5,5) | patch(eps_1,14,14,3)","3,4,5,6,7,8"
medium-avg-win-risky,"2 perturbation(s), 1 arch(s); gm_all < 0.952x, worst cell > 1.333x",medium,avg-win-risky,2,no,off,no,yes,no,no,off,0.05,btpr,no,17,12,5,0.709x,2.372x,0.914x,0.914x,0.443x,3.880x,-0.010582,0.022447,0.058780,-0.071768,elim not activated,elim not activated,1,1.4,0,1,0,cnn1,"occ(eps_5,5,5) | patch(eps_1,14,14,3)","3,4,5,6,7,8"
medium-avg-win-risky,"2 perturbation(s), 1 arch(s); gm_all < 0.952x, worst cell > 1.333x",medium,avg-win-risky,2,no,off,no,yes,direct,yes,off,0.5,btpr,no,18,12,6,0.604x,1.424x,0.917x,0.917x,0.284x,3.351x,0.122730,0.122730,0.285361,0.017702,elim not activated,elim not activated,82,85,0,1,0,cnn1,"occ(eps_5,5,5) | patch(eps_1,14,14,3)","3,4,5,6,7,8"
narrow-avg-win-risky,"1 perturbation(s), 1 arch(s); gm_all < 0.952x, worst cell > 1.333x",narrow,avg-win-risky,1,no,off,no,yes,prev,yes,off,0.5,btpr,no,5,2,3,0.606x,1.464x,0.868x,0.868x,0.454x,1.729x,0.109547,0.109547,0.134260,0.060657,elim not activated,elim not activated,82,82,0,1,0,cnn1,"patch(eps_1,14,14,3)","4,5,6,7,8"
narrow-avg-win-risky,"1 perturbation(s), 1 arch(s); gm_all < 0.952x, worst cell > 1.333x",narrow,avg-win-risky,1,no,off,no,yes,prev,no,off,0.5,btpr,no,5,2,3,0.622x,1.628x,0.929x,0.929x,0.452x,1.961x,0.109547,0.109547,0.134260,0.060657,elim not activated,elim not activated,82,82,0,1,0,cnn1,"patch(eps_1,14,14,3)","4,5,6,7,8"
broad-neutral,"6 perturbation(s), 2 arch(s); gm_all in [0.952x, 1.111x]",broad,neutral,6,no,off,no,yes,prev_pgd,yes,off,0.0,btpr,yes,126,86,40,0.524x,2.027x,1.006x,1.006x,0.037x,19.655x,-0.031752,0.349635,6.779373,-11.297996,elim not activated,elim not activated,0,0,0,1,0,"3x50,cnn1","occ(eps_3,3,5) | occ(eps_5,5,5) | patch(eps_1,14,14,3) | translation(eps_1,1) | translation(eps_3,1) | translation(eps_3,3)","0,1,2,3,4,5,6,7,8,9"
medium-neutral,"3 perturbation(s), 2 arch(s); gm_all in [0.952x, 1.111x]",medium,neutral,3,no,off,no,yes,prev_pgd,yes,off,0.25,btpr,yes,55,42,13,0.516x,6.607x,0.985x,0.985x,0.152x,40.648x,0.189552,0.190322,3.843684,-0.024300,elim not activated,elim not activated,80.9,81.2,0,1,0,"3x50,cnn1","occ(eps_3,3,5) | occ(eps_5,5,5) | patch(eps_1,14,14,3)","0,1,2,3,4,5,6,7,8,9"
medium-neutral,"3 perturbation(s), 2 arch(s); gm_all in [0.952x, 1.111x]",medium,neutral,3,no,off,no,yes,prev_pgd,no,off,0.5,btpr,yes,53,40,13,0.585x,6.858x,1.033x,1.033x,0.242x,56.706x,0.184138,0.184138,0.586913,0.026301,elim not activated,elim not activated,80.6,83.9,0,1,0,"3x50,cnn1","occ(eps_3,3,5) | occ(eps_5,5,5) | patch(eps_1,14,14,3)","0,1,2,3,4,5,6,7,8,9"
medium-neutral,"3 perturbation(s), 2 arch(s); gm_all in [0.952x, 1.111x]",medium,neutral,3,no,off,no,yes,prev_pgd,no,off,0.25,btpr,yes,55,39,16,0.518x,3.837x,1.083x,1.083x,0.233x,31.912x,0.191043,0.191061,5.519342,-0.000322,elim not activated,elim not activated,80.8,81.2,0,1,0,"3x50,cnn1","occ(eps_3,3,5) | occ(eps_5,5,5) | patch(eps_1,14,14,3)","0,1,2,3,4,5,6,7,8,9"
medium-neutral,"3 perturbation(s), 2 arch(s); gm_all in [0.952x, 1.111x]",medium,neutral,3,no,off,no,yes,prev_pgd,yes,off,0.5,btpr,no,61,32,29,0.383x,2.133x,1.090x,1.090x,0.056x,35.262x,0.158751,0.372552,5.483245,-9.086567,elim not activated,elim not activated,81.2,84.8,0,1,0,"3x50,cnn1","occ(eps_3,3,5) | occ(eps_5,5,5) | patch(eps_1,14,14,3)","0,1,2,3,4,5,6,7,8,9"
narrow-neutral,"1 perturbation(s), 1 arch(s); gm_all in [0.952x, 1.111x]",narrow,neutral,1,no,off,no,yes,prev,yes,off,0.0,btpr,no,6,4,2,0.836x,2.132x,1.048x,1.048x,0.658x,2.956x,0.022314,0.064190,0.082706,-0.098235,elim not activated,elim not activated,0,0,0,1,0,cnn1,"patch(eps_1,14,14,3)","3,4,5,6,7,8"
broad-loser,"6 perturbation(s), 2 arch(s); gm_all > 1.111x",broad,loser,6,no,off,no,yes,prev_pgd,yes,off,0.5,btpr,yes,195,118,77,0.507x,2.098x,1.264x,1.264x,0.042x,55.556x,0.162155,0.439513,5.415618,-11.005320,elim not activated,elim not activated,67.1,74.2,0,1,0,"3x50,cnn1","occ(eps_3,3,5) | occ(eps_5,5,5) | patch(eps_1,14,14,3) | translation(eps_1,1) | translation(eps_3,1) | translation(eps_3,3)","0,1,2,3,4,5,6,7,8,9"
medium-loser,"2 perturbation(s), 1 arch(s); gm_all > 1.111x",medium,loser,2,no,off,no,yes,no,no,off,0.01,btpr,no,18,9,9,0.628x,2.020x,1.177x,1.177x,0.421x,9.602x,0.004764,0.022638,0.129863,-0.064329,elim not activated,elim not activated,0,0,0,1,0,cnn1,"occ(eps_5,5,5) | patch(eps_1,14,14,3)","3,4,5,6,7,8"
medium-loser,"3 perturbation(s), 2 arch(s); gm_all > 1.111x",medium,loser,3,no,off,no,yes,prev_pgd,yes,off,0.0,btpr,no,61,35,26,0.520x,4.270x,1.183x,1.183x,0.075x,11.862x,0.023838,0.248203,5.310929,-9.135695,elim not activated,elim not activated,0,0,0,1,0,"3x50,cnn1","occ(eps_3,3,5) | occ(eps_5,5,5) | patch(eps_1,14,14,3)","0,1,2,3,4,5,6,7,8,9"
medium-loser,"2 perturbation(s), 1 arch(s); gm_all > 1.111x",medium,loser,2,no,off,no,yes,no,yes,off,0.01,btpr,no,18,10,8,0.728x,2.427x,1.248x,1.248x,0.303x,10.280x,0.022461,0.031818,0.129863,-0.064329,elim not activated,elim not activated,0,0,0,1,0,cnn1,"occ(eps_5,5,5) | patch(eps_1,14,14,3)","3,4,5,6,7,8"
