arch,perturbation,perturbation_size,c_source,c_target,time_standard,time_transfer,delta_standard_lower_bound,delta_standard_upper_bound,delta_diff_transfer_lower_bound,delta_diff_transfer_upper_bound,transfer_threads,T_relax,relax_count,optimizing_intervals,encoding_skip,bound_n2_relu_using_zonotope,bound_n2_non_relu_using_zonotope,how_much_faster,solve_status_standard,solve_status_transfer
3x10,occ,"1,1,5",0,4,16.31,16.80,0.188092,0.189337,-0.075329,-0.075329,32,rga0.0,0,yes,no+zono+stdWarmstart,yes,no,1.03x,OPTIMAL,OPTIMAL
3x10,occ,"1,1,5",0,4,16.31,17.29,0.188092,0.189337,-0.075329,-0.075329,32,rga0.0,0,yes,no+zono+boundN2xpComp+stdWarmstart,yes,no,1.06x,OPTIMAL,OPTIMAL
3x10,occ,"1,1,5",0,4,16.31,17.46,0.188092,0.189337,-0.075329,-0.075329,32,rga0.0,0,yes,no+zono+stdWarmstart,yes,no,1.07x,OPTIMAL,OPTIMAL
,,,,,,,,,,,,,,,,,,,,
cnn1,occ,"1,1,5",0,3,74.46,1800.04,11.551457,11.551457,0.000000,-0.646649,32,rga0.0,0,yes,no+zono+stdWarmstart,yes,no,24.18x,,TIME_LIMIT
cnn1,occ,"1,1,5",0,3,74.46,1800.04,11.551457,11.551457,0.000000,-0.745470,32,rga0.0,0,yes,no+zono+stdWarmstart,yes,no,24.18x,,TIME_LIMIT
cnn1,occ,"1,1,5",0,3,74.46,1800.06,11.551457,11.551457,0.000000,-0.729835,32,rga0.0,0,yes,no+zono+stdWarmstart,yes,yes,24.18x,,TIME_LIMIT
cnn1,occ,"1,1,5",0,3,74.46,1800.04,11.551457,11.551457,0.000000,-0.744740,32,rga0.0,0,yes,no+zono+boundN2xpComp+stdWarmstart,yes,no,24.18x,,TIME_LIMIT
cnn1,occ,"1,1,5",0,3,74.46,1800.04,11.551457,11.551457,0.000000,-0.742259,,rga0.0,,yes,no+zono+boundN2xpComp+stdWarmstart,yes,no,24.18x,,TIME_LIMIT
cnn1,occ,"1,1,5",0,3,74.46,1800.05,11.551457,11.551457,0.000000,-0.731008,,rga0.0,,yes,no+zono+boundN2xpOut+boundN2xpComp+stdWarmstart,no,no,24.18x,,TIME_LIMIT
cnn1,occ,"1,1,5",0,3,74.46,1800.04,11.551457,11.551457,0.000000,-0.724547,,rga0.0,,yes,no+zono+boundN2xpOut+boundN2xpComp+stdWarmstart,no,no,24.18x,,TIME_LIMIT
,,,,,,,,,,,,,,,,,,,,
cnn1,occ,"1,1,5",0,4,194.19,1800.07,7.027990,7.094580,0.000000,21.448455,32,rga0.0,0,yes,no+zono+stdWarmstart,yes,no,9.27x,,TIME_LIMIT
cnn1,occ,"1,1,5",0,4,194.19,1800.03,7.027990,7.094580,0.000000,9.617109,32,rga0.0,0,yes,no+zono+stdWarmstart,yes,no,9.27x,,TIME_LIMIT
cnn1,occ,"1,1,5",0,4,194.19,1800.03,7.027990,7.094580,0.000000,9.756308,32,rga0.0,0,yes,no+zono+stdWarmstart,yes,yes,9.27x,,TIME_LIMIT
cnn1,occ,"1,1,5",0,4,194.19,1800.10,7.027990,7.094580,0.000000,9.670840,32,rga0.0,0,yes,no+zono+boundN2xpComp+stdWarmstart,yes,no,9.27x,,TIME_LIMIT
cnn1,occ,"1,1,5",0,4,194.19,1800.05,7.027990,7.094580,0.000000,14.693703,,rga0.0,,yes,no+zono+boundN2xpComp+stdWarmstart,yes,no,9.27x,,TIME_LIMIT
cnn1,occ,"1,1,5",0,4,194.19,1800.06,7.027990,7.094580,0.000000,1.965365,,rga0.0,,yes,no+zono+boundN2xpOut+boundN2xpComp+stdWarmstart,no,no,9.27x,,TIME_LIMIT
cnn1,occ,"1,1,5",0,4,194.19,1800.05,7.027990,7.094580,0.000000,13.531615,,rga0.0,,yes,no+zono+boundN2xpOut+boundN2xpComp+stdWarmstart,no,no,9.27x,,TIME_LIMIT
,,,,,,,,,,,,,,,,,,,,
cnn1,occ,"1,1,5",0,5,174.89,1800.06,4.770548,4.809775,0.000000,-0.065320,32,rga0.0,0,yes,no+zono+stdWarmstart,yes,no,10.29x,,TIME_LIMIT
cnn1,occ,"1,1,5",0,5,174.89,1800.23,4.770548,4.809775,0.000000,-0.068021,32,rga0.0,0,yes,no+zono+stdWarmstart,yes,no,10.29x,,TIME_LIMIT
cnn1,occ,"1,1,5",0,5,174.89,1800.04,4.770548,4.809775,0.000000,-0.065586,32,rga0.0,0,yes,no+zono+stdWarmstart,yes,yes,10.29x,,TIME_LIMIT
cnn1,occ,"1,1,5",0,5,174.89,1800.13,4.770548,4.809775,0.000000,-0.068021,32,rga0.0,0,yes,no+zono+boundN2xpComp+stdWarmstart,yes,no,10.29x,,TIME_LIMIT
cnn1,occ,"1,1,5",0,5,174.89,1800.03,4.770548,4.809775,0.000000,-0.069736,,rga0.0,,yes,no+zono+boundN2xpComp+stdWarmstart,yes,no,10.29x,,TIME_LIMIT
cnn1,occ,"1,1,5",0,5,174.89,1800.05,4.770548,4.809775,0.000000,-0.065844,,rga0.0,,yes,no+zono+boundN2xpOut+boundN2xpComp+stdWarmstart,no,no,10.29x,,TIME_LIMIT
cnn1,occ,"1,1,5",0,5,174.89,1800.03,4.770548,4.809775,0.000000,-0.064817,,rga0.0,,yes,no+zono+boundN2xpOut+boundN2xpComp+stdWarmstart,no,no,10.29x,,TIME_LIMIT
,,,,,,,,,,,,,,,,,,,,
cnn1,occ,"1,1,5",1,3,87.73,1758.15,5.399273,5.451446,-0.383965,-0.380165,,rga0.0,,yes,no+zono+boundN2xpOut+boundN2xpComp+stdWarmstart,no,no,20.04x,,OPTIMAL
cnn1,occ,"1,1,5",1,3,87.73,1800.05,5.399273,5.451446,-0.390033,-0.369592,32,rga0.0,0,yes,no+zono+stdWarmstart,yes,no,20.52x,,TIME_LIMIT
cnn1,occ,"1,1,5",1,3,87.73,1800.29,5.399273,5.451446,-0.386902,-0.369592,32,rga0.0,0,yes,no+zono+stdWarmstart,yes,no,20.52x,,TIME_LIMIT
cnn1,occ,"1,1,5",1,3,87.73,1800.10,5.399273,5.451446,-0.385559,-0.369592,32,rga0.0,0,yes,no+zono+stdWarmstart,yes,yes,20.52x,,TIME_LIMIT
cnn1,occ,"1,1,5",1,3,87.73,1800.27,5.399273,5.451446,-0.386902,-0.369592,32,rga0.0,0,yes,no+zono+boundN2xpComp+stdWarmstart,yes,no,20.52x,,TIME_LIMIT
cnn1,occ,"1,1,5",1,3,87.73,1800.10,5.399273,5.451446,-0.396166,-0.369592,,rga0.0,,yes,no+zono+boundN2xpComp+stdWarmstart,yes,no,20.52x,,TIME_LIMIT
cnn1,occ,"1,1,5",1,3,87.73,1800.24,5.399273,5.451446,-0.387361,-0.374496,,rga0.0,,yes,no+zono+boundN2xpOut+boundN2xpComp+stdWarmstart,no,no,20.52x,,TIME_LIMIT
,,,,,,,,,,,,,,,,,,,,
cnn1,occ,"1,1,5",1,4,61.83,753.17,7.804042,7.804094,0.009346,0.009403,,rga0.0,,yes,no+zono+boundN2xpOut+boundN2xpComp+stdWarmstart,no,no,12.18x,,OPTIMAL
cnn1,occ,"1,1,5",1,4,61.83,791.47,7.804042,7.804094,0.009346,0.009403,,rga0.0,,yes,no+zono+boundN2xpComp+stdWarmstart,yes,no,12.80x,,OPTIMAL
cnn1,occ,"1,1,5",1,4,61.83,792.84,7.804042,7.804094,0.009346,0.009403,,rga0.0,,yes,no+zono+boundN2xpOut+boundN2xpComp+stdWarmstart,no,no,12.82x,,OPTIMAL
cnn1,occ,"1,1,5",1,4,61.83,801.77,7.804042,7.804094,0.009346,0.009403,32,rga0.0,0,yes,no+zono+stdWarmstart,yes,yes,12.97x,,OPTIMAL
cnn1,occ,"1,1,5",1,4,61.83,815.30,7.804042,7.804094,0.009346,0.009403,32,rga0.0,0,yes,no+zono+stdWarmstart,yes,no,13.19x,,OPTIMAL
cnn1,occ,"1,1,5",1,4,61.83,827.92,7.804042,7.804094,0.009346,0.009403,32,rga0.0,0,yes,no+zono+boundN2xpComp+stdWarmstart,yes,no,13.39x,,OPTIMAL
cnn1,occ,"1,1,5",1,4,61.83,1575.86,7.804042,7.804094,0.009346,0.009370,32,rga0.0,0,yes,no+zono+stdWarmstart,yes,no,25.49x,,OPTIMAL
,,,,,,,,,,,,,,,,,,,,
cnn1,occ,"1,1,5",1,5,101.80,421.38,7.196610,7.197024,-0.023654,-0.023654,,rga0.0,,yes,no+zono+boundN2xpOut+boundN2xpComp+stdWarmstart,no,no,4.14x,,OPTIMAL
cnn1,occ,"1,1,5",1,5,101.80,424.09,7.196610,7.197024,-0.023752,-0.023652,,rga0.0,,yes,no+zono+boundN2xpComp+stdWarmstart,yes,no,4.17x,,OPTIMAL
cnn1,occ,"1,1,5",1,5,101.80,458.74,7.196610,7.197024,-0.023752,-0.023652,32,rga0.0,0,yes,no+zono+boundN2xpComp+stdWarmstart,yes,no,4.51x,,OPTIMAL
cnn1,occ,"1,1,5",1,5,101.80,468.26,7.196610,7.197024,-0.023752,-0.023652,,rga0.0,,yes,no+zono+boundN2xpOut+boundN2xpComp+stdWarmstart,no,no,4.60x,,OPTIMAL
cnn1,occ,"1,1,5",1,5,101.80,476.51,7.196610,7.197024,-0.023752,-0.023652,32,rga0.0,0,yes,no+zono+stdWarmstart,yes,no,4.68x,,OPTIMAL
cnn1,occ,"1,1,5",1,5,101.80,480.85,7.196610,7.197024,-0.023752,-0.023652,32,rga0.0,0,yes,no+zono+stdWarmstart,yes,yes,4.72x,,OPTIMAL
cnn1,occ,"1,1,5",1,5,101.80,733.41,7.196610,7.197024,-0.023654,-0.023654,32,rga0.0,0,yes,no+zono+stdWarmstart,yes,no,7.20x,,OPTIMAL
,,,,,,,,,,,,,,,,,,,,
cnn1,occ,"3,3,5",0,3,191.10,1105.55,15.967411,16.021949,-0.283637,-0.283485,32,rga0.0,0,yes,no+zono+stdWarmstart,yes,no,5.79x,OPTIMAL,OPTIMAL
cnn1,occ,"3,3,5",0,3,191.10,1232.21,15.967411,16.021949,-0.284344,-0.283226,32,rga0.0,0,yes,no+zono,no,no,6.45x,OPTIMAL,OPTIMAL
cnn1,occ,"3,3,5",0,3,191.10,1524.34,15.967411,16.021949,-0.283637,-0.283485,32,rga0.0,0,yes,no+zono+stdWarmstart,yes,yes,7.98x,OPTIMAL,OPTIMAL
cnn1,occ,"3,3,5",0,3,191.10,1683.12,15.967411,16.021949,-0.283637,-0.283485,,rga0.0,,yes,no+zono+boundN2xpOut+boundN2xpComp+stdWarmstart,no,no,8.81x,OPTIMAL,OPTIMAL
cnn1,occ,"3,3,5",0,3,191.10,1800.10,15.967411,16.021949,1.873950,40.332714,32,rga0.0,0,yes,no_n2_xp_encoding+zono,no,no,9.42x,OPTIMAL,TIME_LIMIT
cnn1,occ,"3,3,5",0,3,191.10,1800.09,15.967411,16.021949,-0.284869,0.280169,32,rga0.0,0,yes,no+zono+stdWarmstart,yes,no,9.42x,OPTIMAL,TIME_LIMIT
cnn1,occ,"3,3,5",0,3,191.10,1800.04,15.967411,16.021949,0.000000,-0.283485,32,rga0.0,0,yes,no+zono+boundN2xpComp+stdWarmstart,yes,no,9.42x,OPTIMAL,TIME_LIMIT
cnn1,occ,"3,3,5",0,3,191.10,1800.05,15.967411,16.021949,0.000000,-0.283173,,rga0.0,,yes,no+zono+boundN2xpComp+stdWarmstart,yes,no,9.42x,OPTIMAL,TIME_LIMIT
cnn1,occ,"3,3,5",0,3,191.10,1800.07,15.967411,16.021949,0.000000,7.313621,,rga0.0,,yes,no+zono+boundN2xpOut+boundN2xpComp+stdWarmstart,no,no,9.42x,OPTIMAL,TIME_LIMIT
,,,,,,,,,,,,,,,,,,,,
cnn1,occ,"3,3,5",0,4,367.16,1800.05,10.867350,10.967109,-3.257559,1.020441,32,rga0.0,0,yes,no+zono,no,no,4.90x,OPTIMAL,TIME_LIMIT
cnn1,occ,"3,3,5",0,4,367.16,1800.10,10.867350,10.967109,1.878922,44.867807,32,rga0.0,0,yes,no_n2_xp_encoding+zono,no,no,4.90x,OPTIMAL,TIME_LIMIT
cnn1,occ,"3,3,5",0,4,367.16,1800.02,10.867350,10.967109,0.000000,7.195002,32,rga0.0,0,yes,no+zono+stdWarmstart,yes,no,4.90x,OPTIMAL,TIME_LIMIT
cnn1,occ,"3,3,5",0,4,367.16,1800.03,10.867350,10.967109,0.000000,3.249796,32,rga0.0,0,yes,no+zono+stdWarmstart,yes,no,4.90x,OPTIMAL,TIME_LIMIT
cnn1,occ,"3,3,5",0,4,367.16,1800.07,10.867350,10.967109,0.000000,5.727383,32,rga0.0,0,yes,no+zono+stdWarmstart,yes,yes,4.90x,OPTIMAL,TIME_LIMIT
cnn1,occ,"3,3,5",0,4,367.16,1800.03,10.867350,10.967109,0.000000,2.250864,32,rga0.0,0,yes,no+zono+boundN2xpComp+stdWarmstart,yes,no,4.90x,OPTIMAL,TIME_LIMIT
cnn1,occ,"3,3,5",0,4,367.16,1800.04,10.867350,10.967109,0.000000,6.231313,,rga0.0,,yes,no+zono+boundN2xpComp+stdWarmstart,yes,no,4.90x,OPTIMAL,TIME_LIMIT
cnn1,occ,"3,3,5",0,4,367.16,1800.41,10.867350,10.967109,0.000000,7.209256,,rga0.0,,yes,no+zono+boundN2xpOut+boundN2xpComp+stdWarmstart,no,no,4.90x,OPTIMAL,TIME_LIMIT
cnn1,occ,"3,3,5",0,4,367.16,1800.04,10.867350,10.967109,0.000000,7.195002,,rga0.0,,yes,no+zono+boundN2xpOut+boundN2xpComp+stdWarmstart,no,no,4.90x,OPTIMAL,TIME_LIMIT
,,,,,,,,,,,,,,,,,,,,
cnn1,occ,"3,3,5",0,5,134.16,1800.07,8.632793,8.633531,-0.111902,-0.050119,32,rga0.0,0,yes,no+zono+stdWarmstart,yes,no,13.42x,OPTIMAL,TIME_LIMIT
cnn1,occ,"3,3,5",0,5,134.16,1800.04,8.632793,8.633531,0.000000,0.169145,32,rga0.0,0,yes,no+zono+stdWarmstart,yes,no,13.42x,OPTIMAL,TIME_LIMIT
cnn1,occ,"3,3,5",0,5,134.16,1800.05,8.632793,8.633531,0.000000,0.472612,32,rga0.0,0,yes,no+zono+stdWarmstart,yes,yes,13.42x,OPTIMAL,TIME_LIMIT
cnn1,occ,"3,3,5",0,5,134.16,1800.03,8.632793,8.633531,0.000000,0.348658,32,rga0.0,0,yes,no+zono+boundN2xpComp+stdWarmstart,yes,no,13.42x,OPTIMAL,TIME_LIMIT
cnn1,occ,"3,3,5",0,5,134.16,1800.06,8.632793,8.633531,0.000000,0.572309,,rga0.0,,yes,no+zono+boundN2xpComp+stdWarmstart,yes,no,13.42x,OPTIMAL,TIME_LIMIT
cnn1,occ,"3,3,5",0,5,134.16,1800.06,8.632793,8.633531,0.000000,0.697024,,rga0.0,,yes,no+zono+boundN2xpOut+boundN2xpComp+stdWarmstart,no,no,13.42x,OPTIMAL,TIME_LIMIT
cnn1,occ,"3,3,5",0,5,134.16,1800.05,8.632793,8.633531,0.000000,0.114497,,rga0.0,,yes,no+zono+boundN2xpOut+boundN2xpComp+stdWarmstart,no,no,13.42x,OPTIMAL,TIME_LIMIT
,,,,,,,,,,,,,,,,,,,,
cnn1,occ,"5,5,5",0,3,42.18,455.55,12.546487,12.669380,-0.066556,-0.066037,32,rga0.0,0,yes,no+zono,no,no,10.80x,OPTIMAL,OPTIMAL
cnn1,occ,"5,5,5",0,3,42.18,751.97,12.546487,12.669380,-0.066556,-0.066238,,rga0.0,,yes,no+zono+boundN2xpOut+boundN2xpComp+stdWarmstart,no,no,17.83x,OPTIMAL,OPTIMAL
cnn1,occ,"5,5,5",0,3,42.18,815.79,12.546487,12.669380,-0.067207,-0.066556,,rga0.0,,yes,no+zono+boundN2xpComp+stdWarmstart,yes,no,19.34x,OPTIMAL,OPTIMAL
cnn1,occ,"5,5,5",0,3,42.18,923.60,12.546487,12.669380,4.328129,4.371007,32,rga0.0,0,yes,no_n1_encoding+last_layer+zono+boundN2xpComp+capDD,yes,no,21.90x,OPTIMAL,OPTIMAL
cnn1,occ,"5,5,5",0,3,42.18,955.85,12.546487,12.669380,-0.066556,-0.066238,,rga0.0,,yes,no+zono+boundN2xpOut+boundN2xpComp+stdWarmstart,no,no,22.66x,OPTIMAL,OPTIMAL
cnn1,occ,"5,5,5",0,3,42.18,1035.91,12.546487,12.669380,4.328129,4.371007,,rga0.0,,yes,no_n1_encoding+last_layer+zono+boundN2xpComp+n2xpViaN1Zono+capDD,no,no,24.56x,OPTIMAL,OPTIMAL
cnn1,occ,"5,5,5",0,3,42.18,1060.20,12.546487,12.669380,-0.066607,-0.066298,32,rga0.0,0,yes,no+zono+stdWarmstart,yes,no,25.13x,OPTIMAL,OPTIMAL
cnn1,occ,"5,5,5",0,3,42.18,1067.10,12.546487,12.669380,4.328129,4.371007,32,rga0.0,0,yes,no_n1_encoding+last_layer+zono+capDD,yes,no,25.30x,OPTIMAL,OPTIMAL
cnn1,occ,"5,5,5",0,3,42.18,1156.10,12.546487,12.669380,4.328129,4.371007,32,rga0.0,0,yes,no_n1_encoding+last_layer+zono+capDD,yes,no,27.41x,OPTIMAL,OPTIMAL
cnn1,occ,"5,5,5",0,3,42.18,1162.73,12.546487,12.669380,-0.066607,-0.066298,32,rga0.0,0,yes,no+zono+boundN2xpComp+stdWarmstart,yes,no,27.56x,OPTIMAL,OPTIMAL
cnn1,occ,"5,5,5",0,3,42.18,1243.18,12.546487,12.669380,4.328129,4.371007,32,rga0.0,0,yes,no_n1_encoding+last_layer+zono+capDD,yes,no,29.47x,OPTIMAL,OPTIMAL
cnn1,occ,"5,5,5",0,3,42.18,1391.57,12.546487,12.669380,4.328129,4.371007,,rga0.0,,yes,no_n1_encoding+last_layer+zono+boundN2xpOut+boundN2xpComp+capDD,no,no,32.99x,OPTIMAL,OPTIMAL
cnn1,occ,"5,5,5",0,3,42.18,1408.60,12.546487,12.669380,4.328129,4.371007,32,rga0.0,0,yes,no_n1_encoding+last_layer+zono+boundN2xpComp+capDD,yes,no,33.39x,OPTIMAL,OPTIMAL
cnn1,occ,"5,5,5",0,3,42.18,1498.32,12.546487,12.669380,4.328129,4.371007,,rga0.0,,yes,no_n1_encoding+last_layer+zono+boundN2xpOut+boundN2xpComp+capDD,no,no,35.52x,OPTIMAL,OPTIMAL
cnn1,occ,"5,5,5",0,3,42.18,1501.64,12.546487,12.669380,4.328129,4.371007,32,rga0.0,0,yes,no_n1_encoding+last_layer+zono+capDD,yes,no,35.60x,OPTIMAL,OPTIMAL
cnn1,occ,"5,5,5",0,3,42.18,1505.12,12.546487,12.669380,4.328129,4.371007,,rga0.0,,yes,no_n1_encoding+last_layer+zono+boundN2xpOut+boundN2xpComp+capDD,no,no,35.68x,OPTIMAL,OPTIMAL
cnn1,occ,"5,5,5",0,3,42.18,1800.05,12.546487,12.669380,4.350836,11.351628,,rga0.0,,yes,no_n1_encoding+last_layer+zono+boundN2xpOut+branchPriN2x+capDD,no,no,42.67x,OPTIMAL,TIME_LIMIT
cnn1,occ,"5,5,5",0,3,42.18,1800.12,12.546487,12.669380,4.350836,11.351628,,rga0.0,,yes,no_n1_encoding+last_layer+zono+boundN2xpComp+branchPriN2x+capDD,no,no,42.67x,OPTIMAL,TIME_LIMIT
cnn1,occ,"5,5,5",0,3,42.18,1800.09,12.546487,12.669380,2.010591,5.262322,32,rga0.0,0,yes,no_n2_xp_encoding+zono,no,no,42.67x,OPTIMAL,TIME_LIMIT
cnn1,occ,"5,5,5",0,3,42.18,1800.06,12.546487,12.669380,-0.066555,1.492456,32,rga0.0,0,yes,no+zono+stdWarmstart,yes,no,42.67x,OPTIMAL,TIME_LIMIT
cnn1,occ,"5,5,5",0,3,42.18,1800.08,12.546487,12.669380,-0.094756,-0.066303,32,rga0.0,0,yes,no+zono+stdWarmstart,yes,yes,42.67x,OPTIMAL,TIME_LIMIT
,,,,,,,,,,,,,,,,,,,,
cnn1,occ,"5,5,5",0,4,536.01,1800.14,8.644089,8.716495,-0.406015,1.345759,32,rga0.0,0,yes,no+zono,no,no,3.36x,OPTIMAL,TIME_LIMIT
cnn1,occ,"5,5,5",0,4,536.01,1800.06,8.644089,8.716495,4.189690,4.373700,32,rga0.0,0,yes,no_n1_encoding+last_layer+zono+capDD,yes,no,3.36x,OPTIMAL,TIME_LIMIT
cnn1,occ,"5,5,5",0,4,536.01,1800.05,8.644089,8.716495,4.189690,4.361133,32,rga0.0,0,yes,no_n1_encoding+last_layer+zono+capDD,yes,no,3.36x,OPTIMAL,TIME_LIMIT
cnn1,occ,"5,5,5",0,4,536.01,1800.09,8.644089,8.716495,4.191725,4.348595,32,rga0.0,0,yes,no_n1_encoding+last_layer+zono+boundN2xpComp+capDD,yes,no,3.36x,OPTIMAL,TIME_LIMIT
cnn1,occ,"5,5,5",0,4,536.01,1800.06,8.644089,8.716495,4.189690,4.371724,32,rga0.0,0,yes,no_n1_encoding+last_layer+zono+boundN2xpComp+capDD,yes,no,3.36x,OPTIMAL,TIME_LIMIT
cnn1,occ,"5,5,5",0,4,536.01,1800.21,8.644089,8.716495,4.189690,4.368246,,rga0.0,,yes,no_n1_encoding+last_layer+zono+boundN2xpComp+n2xpViaN1Zono+capDD,no,no,3.36x,OPTIMAL,TIME_LIMIT
cnn1,occ,"5,5,5",0,4,536.01,1800.08,8.644089,8.716495,4.191725,4.345756,32,rga0.0,0,yes,no_n1_encoding+last_layer+zono+capDD,yes,no,3.36x,OPTIMAL,TIME_LIMIT
cnn1,occ,"5,5,5",0,4,536.01,1800.04,8.644089,8.716495,4.189690,4.369821,32,rga0.0,0,yes,no_n1_encoding+last_layer+zono+capDD,yes,no,3.36x,OPTIMAL,TIME_LIMIT
cnn1,occ,"5,5,5",0,4,536.01,1800.07,8.644089,8.716495,2.040401,44.616656,32,rga0.0,0,yes,no_n2_xp_encoding+zono,no,no,3.36x,OPTIMAL,TIME_LIMIT
cnn1,occ,"5,5,5",0,4,536.01,1800.08,8.644089,8.716495,0.000000,6.075509,32,rga0.0,0,yes,no+zono+stdWarmstart,yes,no,3.36x,OPTIMAL,TIME_LIMIT
cnn1,occ,"5,5,5",0,4,536.01,1800.08,8.644089,8.716495,0.000000,9.584379,32,rga0.0,0,yes,no+zono+stdWarmstart,yes,no,3.36x,OPTIMAL,TIME_LIMIT
cnn1,occ,"5,5,5",0,4,536.01,1800.03,8.644089,8.716495,0.000000,5.425623,32,rga0.0,0,yes,no+zono+stdWarmstart,yes,yes,3.36x,OPTIMAL,TIME_LIMIT
cnn1,occ,"5,5,5",0,4,536.01,1800.05,8.644089,8.716495,0.000000,3.660269,32,rga0.0,0,yes,no+zono+boundN2xpComp+stdWarmstart,yes,no,3.36x,OPTIMAL,TIME_LIMIT
cnn1,occ,"5,5,5",0,4,536.01,1800.04,8.644089,8.716495,0.000000,3.193564,,rga0.0,,yes,no+zono+boundN2xpComp+stdWarmstart,yes,no,3.36x,OPTIMAL,TIME_LIMIT
cnn1,occ,"5,5,5",0,4,536.01,1800.02,8.644089,8.716495,0.000000,3.757672,,rga0.0,,yes,no+zono+boundN2xpOut+boundN2xpComp+stdWarmstart,no,no,3.36x,OPTIMAL,TIME_LIMIT
cnn1,occ,"5,5,5",0,4,536.01,1800.08,8.644089,8.716495,0.000000,2.304694,,rga0.0,,yes,no+zono+boundN2xpOut+boundN2xpComp+stdWarmstart,no,no,3.36x,OPTIMAL,TIME_LIMIT
,,,,,,,,,,,,,,,,,,,,
cnn1,occ,"5,5,5",0,5,110.91,760.13,7.422875,7.422883,4.341048,4.384312,32,rga0.0,0,yes,no_n1_encoding+last_layer+zono+capDD,yes,no,6.85x,OPTIMAL,OPTIMAL
cnn1,occ,"5,5,5",0,5,110.91,785.39,7.422875,7.422883,4.341048,4.384312,32,rga0.0,0,yes,no_n1_encoding+last_layer+zono+capDD,yes,no,7.08x,OPTIMAL,OPTIMAL
cnn1,occ,"5,5,5",0,5,110.91,786.01,7.422875,7.422883,4.341048,4.384312,32,rga0.0,0,yes,no_n1_encoding+last_layer+zono+boundN2xpComp+capDD,yes,no,7.09x,OPTIMAL,OPTIMAL
cnn1,occ,"5,5,5",0,5,110.91,803.22,7.422875,7.422883,-0.054686,-0.054466,32,rga0.0,0,yes,no+zono,no,no,7.24x,OPTIMAL,OPTIMAL
cnn1,occ,"5,5,5",0,5,110.91,813.06,7.422875,7.422883,4.341048,4.384312,32,rga0.0,0,yes,no_n1_encoding+last_layer+zono+capDD,yes,no,7.33x,OPTIMAL,OPTIMAL
cnn1,occ,"5,5,5",0,5,110.91,820.06,7.422875,7.422883,4.341048,4.384312,32,rga0.0,0,yes,no_n1_encoding+last_layer+zono+boundN2xpComp+capDD,yes,no,7.39x,OPTIMAL,OPTIMAL
cnn1,occ,"5,5,5",0,5,110.91,1051.19,7.422875,7.422883,4.341048,4.384312,32,rga0.0,0,yes,no_n1_encoding+last_layer+zono+capDD,yes,no,9.48x,OPTIMAL,OPTIMAL
cnn1,occ,"5,5,5",0,5,110.91,1310.22,7.422875,7.422883,-0.054686,-0.054481,32,rga0.0,0,yes,no+zono+stdWarmstart,yes,no,11.81x,OPTIMAL,OPTIMAL
cnn1,occ,"5,5,5",0,5,110.91,1671.80,7.422875,7.422883,-0.054686,-0.054481,32,rga0.0,0,yes,no+zono+stdWarmstart,yes,no,15.07x,OPTIMAL,OPTIMAL
cnn1,occ,"5,5,5",0,5,110.91,1800.04,7.422875,7.422883,0.000000,-0.054668,32,rga0.0,0,yes,no+zono+stdWarmstart,yes,yes,16.23x,OPTIMAL,TIME_LIMIT
cnn1,occ,"5,5,5",0,5,110.91,1800.07,7.422875,7.422883,0.000000,-0.054686,32,rga0.0,0,yes,no+zono+boundN2xpComp+stdWarmstart,yes,no,16.23x,OPTIMAL,TIME_LIMIT
cnn1,occ,"5,5,5",0,5,110.91,1800.05,7.422875,7.422883,0.000000,0.100618,,rga0.0,,yes,no+zono+boundN2xpComp+stdWarmstart,yes,no,16.23x,OPTIMAL,TIME_LIMIT
cnn1,occ,"5,5,5",0,5,110.91,1800.05,7.422875,7.422883,0.000000,0.114813,,rga0.0,,yes,no+zono+boundN2xpOut+boundN2xpComp+stdWarmstart,no,no,16.23x,OPTIMAL,TIME_LIMIT
cnn1,occ,"5,5,5",0,5,110.91,1800.04,7.422875,7.422883,0.000000,-0.054686,,rga0.0,,yes,no+zono+boundN2xpOut+boundN2xpComp+stdWarmstart,no,no,16.23x,OPTIMAL,TIME_LIMIT
,,,,,,,,,,,,,,,,,,,,
cnn1,patch,"1,14,14,3",0,3,96.17,509.59,16.516486,16.644788,-0.187619,-0.187619,32,rga0.0,0,yes,no+zono,no,no,5.30x,,OPTIMAL
cnn1,patch,"1,14,14,3",0,3,96.17,1800.06,16.516486,16.644788,4.343183,4.437168,32,rga0.0,0,yes,no_n1_encoding+last_layer+zono,yes,no,18.72x,,TIME_LIMIT
cnn1,patch,"1,14,14,3",0,3,96.17,1800.08,16.516486,16.644788,4.343183,4.437168,32,rga0.0,0,yes,no_n1_encoding+last_layer+zono,yes,no,18.72x,,TIME_LIMIT
cnn1,patch,"1,14,14,3",0,3,96.17,1800.06,16.516486,16.644788,4.343183,4.437168,32,rga0.0,0,yes,no_n1_encoding+last_layer+zono+boundN2xpComp,yes,no,18.72x,,TIME_LIMIT
cnn1,patch,"1,14,14,3",0,3,96.17,1800.09,16.516486,16.644788,4.343183,4.437168,32,rga0.0,0,yes,no_n1_encoding+last_layer+zono+boundN2xpComp,yes,no,18.72x,,TIME_LIMIT
cnn1,patch,"1,14,14,3",0,3,96.17,1800.03,16.516486,16.644788,4.343183,4.437168,,rga0.0,,yes,no_n1_encoding+last_layer+zono+boundN2xpComp+n2xpViaN1Zono,no,no,18.72x,,TIME_LIMIT
cnn1,patch,"1,14,14,3",0,3,96.17,1800.02,16.516486,16.644788,4.343183,4.437168,32,rga0.0,0,yes,no_n1_encoding+last_layer+zono,yes,no,18.72x,,TIME_LIMIT
cnn1,patch,"1,14,14,3",0,3,96.17,1800.11,16.516486,16.644788,4.346301,4.437168,32,rga0.0,0,yes,no_n1_encoding+last_layer+zono,yes,no,18.72x,,TIME_LIMIT
cnn1,patch,"1,14,14,3",0,3,96.17,1800.07,16.516486,16.644788,4.328832,4.388589,32,rga0.0,0,yes,no_n1_encoding+last_layer+zono+capDD,yes,no,18.72x,,TIME_LIMIT
cnn1,patch,"1,14,14,3",0,3,96.17,1800.05,16.516486,16.644788,4.328832,4.388747,32,rga0.0,0,yes,no_n1_encoding+last_layer+zono+capDD,yes,no,18.72x,,TIME_LIMIT
cnn1,patch,"1,14,14,3",0,3,96.17,1800.07,16.516486,16.644788,4.328832,4.388569,,rga0.0,,yes,no_n1_encoding+last_layer+zono+capDD,yes,yes,18.72x,,TIME_LIMIT
cnn1,patch,"1,14,14,3",0,3,96.17,1800.03,16.516486,16.644788,4.328832,4.388593,,rga0.0,,yes,no_n1_encoding+last_layer+zono+capDD,yes,yes,18.72x,,TIME_LIMIT
cnn1,patch,"1,14,14,3",0,3,96.17,1800.04,16.516486,16.644788,4.328832,4.388612,,rga0.0,,yes,no_n1_encoding+last_layer+zono+boundN2xpComp+capDD,yes,no,18.72x,,TIME_LIMIT
cnn1,patch,"1,14,14,3",0,3,96.17,1800.09,16.516486,16.644788,4.328832,4.388722,,rga0.0,,yes,no_n1_encoding+last_layer+zono+boundN2xpComp+capDD,yes,no,18.72x,,TIME_LIMIT
cnn1,patch,"1,14,14,3",0,3,96.17,1800.04,16.516486,16.644788,4.336433,4.387744,,rga0.0,,yes,no_n1_encoding+last_layer+zono+boundN2xpComp+capDD,yes,no,18.72x,,TIME_LIMIT
cnn1,patch,"1,14,14,3",0,3,96.17,1800.09,16.516486,16.644788,4.328832,4.388443,,rga0.0,,yes,no_n1_encoding+last_layer+zono+boundN2xpComp+capDD,yes,no,18.72x,,TIME_LIMIT
cnn1,patch,"1,14,14,3",0,3,96.17,1800.06,16.516486,16.644788,4.328832,4.388125,,rga0.0,,yes,no_n1_encoding+last_layer+zono+boundN2xpOut+boundN2xpComp+capDD,no,no,18.72x,,TIME_LIMIT
cnn1,patch,"1,14,14,3",0,3,96.17,1800.06,16.516486,16.644788,4.328832,4.388079,,rga0.0,,yes,no_n1_encoding+last_layer+zono+boundN2xpOut+boundN2xpComp+capDD,no,no,18.72x,,TIME_LIMIT
cnn1,patch,"1,14,14,3",0,3,96.17,1800.06,16.516486,16.644788,4.336433,4.387884,,rga0.0,,yes,no_n1_encoding+last_layer+zono+boundN2xpOut+boundN2xpComp+capDD,no,no,18.72x,,TIME_LIMIT
cnn1,patch,"1,14,14,3",0,3,96.17,1800.04,16.516486,16.644788,4.336433,4.387884,,rga0.0,,yes,no_n1_encoding+last_layer+zono+boundN2xpOut+boundN2xpComp+capDD,no,no,18.72x,,TIME_LIMIT
cnn1,patch,"1,14,14,3",0,3,96.17,1800.06,16.516486,16.644788,4.328832,4.388856,,rga0.0,,yes,no_n1_encoding+last_layer+zono+boundN2xpOut+boundN2xpComp+capDD,no,no,18.72x,,TIME_LIMIT
cnn1,patch,"1,14,14,3",0,3,96.17,1800.05,16.516486,16.644788,4.342394,4.386410,,rga0.0,,yes,no_n1_encoding+last_layer+zono+boundN2xpOut+boundN2xpComp+capDD,no,no,18.72x,,TIME_LIMIT
cnn1,patch,"1,14,14,3",0,3,96.17,1800.06,16.516486,16.644788,4.350811,11.351628,,rga0.0,,yes,no_n1_encoding+last_layer+zono+boundN2xpOut+branchPriN2x+capDD,no,no,18.72x,,TIME_LIMIT
cnn1,patch,"1,14,14,3",0,3,96.17,1800.08,16.516486,16.644788,4.350811,11.351628,,rga0.0,,yes,no_n1_encoding+last_layer+zono+boundN2xpOut+branchPriN2x+capDD,no,no,18.72x,,TIME_LIMIT
cnn1,patch,"1,14,14,3",0,3,96.17,1800.04,16.516486,16.644788,4.328832,4.388241,,rga0.0,,yes,no_n1_encoding+last_layer+zono+boundN2xpComp+n2xpViaN1Zono+capDD,no,no,18.72x,,TIME_LIMIT
cnn1,patch,"1,14,14,3",0,3,96.17,1800.05,16.516486,16.644788,4.328832,4.388241,,rga0.0,,yes,no_n1_encoding+last_layer+zono+boundN2xpComp+n2xpViaN1Zono+capDD,no,no,18.72x,,TIME_LIMIT
cnn1,patch,"1,14,14,3",0,3,96.17,1800.07,16.516486,16.644788,4.350811,11.351628,,rga0.0,,yes,no_n1_encoding+last_layer+zono+boundN2xpComp+branchPriN2x+capDD,no,no,18.72x,,TIME_LIMIT
cnn1,patch,"1,14,14,3",0,3,96.17,1800.07,16.516486,16.644788,4.350811,11.351628,,rga0.0,,yes,no_n1_encoding+last_layer+zono+boundN2xpComp+branchPriN2x+capDD,no,no,18.72x,,TIME_LIMIT
cnn1,patch,"1,14,14,3",0,3,96.17,1800.04,16.516486,16.644788,4.328832,4.388247,32,rga0.0,0,yes,no_n1_encoding+last_layer+zono+capDD,yes,no,18.72x,,TIME_LIMIT
cnn1,patch,"1,14,14,3",0,3,96.17,1800.04,16.516486,16.644788,4.350928,4.626648,,rga0.0,,yes,no_n1_encoding+last_layer+zono+capDD,yes,yes,18.72x,,TIME_LIMIT
cnn1,patch,"1,14,14,3",0,3,96.17,1800.05,16.516486,16.644788,4.350927,11.351628,,rga0.0,,yes,no_n1_encoding+last_layer+zono+capDD,yes,yes,18.72x,,TIME_LIMIT
cnn1,patch,"1,14,14,3",0,3,96.17,1800.07,16.516486,16.644788,4.342394,4.386694,32,rga0.0,0,yes,no_n1_encoding+last_layer+zono+capDD,yes,no,18.72x,,TIME_LIMIT
cnn1,patch,"1,14,14,3",0,3,96.17,1800.10,16.516486,16.644788,4.336433,4.387729,,rga0.0,,yes,no_n1_encoding+last_layer+zono+capDD,yes,yes,18.72x,,TIME_LIMIT
cnn1,patch,"1,14,14,3",0,3,96.17,1800.04,16.516486,16.644788,1.638110,37.620925,32,rga0.0,0,yes,no_n2_xp_encoding+zono,no,no,18.72x,,TIME_LIMIT
cnn1,patch,"1,14,14,3",0,3,96.17,1800.03,16.516486,16.644788,0.000000,-0.187619,32,rga0.0,0,yes,no+zono+stdWarmstart,yes,no,18.72x,,TIME_LIMIT
cnn1,patch,"1,14,14,3",0,3,96.17,1800.15,16.516486,16.644788,0.000000,-0.187197,32,rga0.0,0,yes,no+zono+stdWarmstart,yes,no,18.72x,,TIME_LIMIT
cnn1,patch,"1,14,14,3",0,3,96.17,1800.10,16.516486,16.644788,0.000000,-0.187619,,rga0.0,,yes,no+zono+stdWarmstart,yes,no,18.72x,,TIME_LIMIT
cnn1,patch,"1,14,14,3",0,3,96.17,1800.08,16.516486,16.644788,0.000000,-0.187197,,rga0.0,,yes,no+zono+stdWarmstart,yes,no,18.72x,,TIME_LIMIT
cnn1,patch,"1,14,14,3",0,3,96.17,1800.10,16.516486,16.644788,0.000000,-0.187619,,rga0.0,,yes,no+zono+boundN2xpComp+stdWarmstart,yes,no,18.72x,,TIME_LIMIT
cnn1,patch,"1,14,14,3",0,3,96.17,1800.03,16.516486,16.644788,0.000000,-0.187619,,rga0.0,,yes,no+zono+boundN2xpComp+stdWarmstart,yes,no,18.72x,,TIME_LIMIT
cnn1,patch,"1,14,14,3",0,3,96.17,1800.03,16.516486,16.644788,0.000000,-0.187619,,rga0.0,,yes,no+zono+boundN2xpOut+stdWarmstart,no,no,18.72x,,TIME_LIMIT
cnn1,patch,"1,14,14,3",0,3,96.17,1800.02,16.516486,16.644788,0.000000,-0.187619,,rga0.0,,yes,no+zono+boundN2xpOut+stdWarmstart,no,no,18.72x,,TIME_LIMIT
,,,,,,,,,,,,,,,,,,,,
cnn1,patch,"1,14,14,3",0,4,328.21,1800.12,12.531821,12.588245,-0.561726,2.745333,32,rga0.0,0,yes,no+zono,no,no,5.48x,,TIME_LIMIT
cnn1,patch,"1,14,14,3",0,4,328.21,1800.21,12.531821,12.588245,4.346197,4.741045,32,rga0.0,0,yes,no_n1_encoding+last_layer+zono,yes,no,5.48x,,TIME_LIMIT
cnn1,patch,"1,14,14,3",0,4,328.21,1800.05,12.531821,12.588245,4.346197,4.741045,32,rga0.0,0,yes,no_n1_encoding+last_layer+zono,yes,no,5.48x,,TIME_LIMIT
cnn1,patch,"1,14,14,3",0,4,328.21,1800.08,12.531821,12.588245,4.346197,4.741045,32,rga0.0,0,yes,no_n1_encoding+last_layer+zono+boundN2xpComp,yes,no,5.48x,,TIME_LIMIT
cnn1,patch,"1,14,14,3",0,4,328.21,1800.04,12.531821,12.588245,4.346197,4.741045,32,rga0.0,0,yes,no_n1_encoding+last_layer+zono+boundN2xpComp,yes,no,5.48x,,TIME_LIMIT
cnn1,patch,"1,14,14,3",0,4,328.21,1800.06,12.531821,12.588245,4.346197,4.741045,,rga0.0,,yes,no_n1_encoding+last_layer+zono+boundN2xpComp+n2xpViaN1Zono,no,no,5.48x,,TIME_LIMIT
cnn1,patch,"1,14,14,3",0,4,328.21,1800.08,12.531821,12.588245,4.346197,4.741045,32,rga0.0,0,yes,no_n1_encoding+last_layer+zono,yes,no,5.48x,,TIME_LIMIT
cnn1,patch,"1,14,14,3",0,4,328.21,1800.09,12.531821,12.588245,4.346197,4.741045,32,rga0.0,0,yes,no_n1_encoding+last_layer+zono,yes,no,5.48x,,TIME_LIMIT
cnn1,patch,"1,14,14,3",0,4,328.21,1800.05,12.531821,12.588245,4.320068,4.423857,32,rga0.0,0,yes,no_n1_encoding+last_layer+zono+capDD,yes,no,5.48x,,TIME_LIMIT
cnn1,patch,"1,14,14,3",0,4,328.21,1800.06,12.531821,12.588245,4.320068,4.423919,32,rga0.0,0,yes,no_n1_encoding+last_layer+zono+capDD,yes,no,5.48x,,TIME_LIMIT
cnn1,patch,"1,14,14,3",0,4,328.21,1800.06,12.531821,12.588245,4.320068,4.423567,,rga0.0,,yes,no_n1_encoding+last_layer+zono+capDD,yes,yes,5.48x,,TIME_LIMIT
cnn1,patch,"1,14,14,3",0,4,328.21,1800.06,12.531821,12.588245,4.320068,4.423659,,rga0.0,,yes,no_n1_encoding+last_layer+zono+capDD,yes,yes,5.48x,,TIME_LIMIT
cnn1,patch,"1,14,14,3",0,4,328.21,1800.10,12.531821,12.588245,4.320068,4.423840,,rga0.0,,yes,no_n1_encoding+last_layer+zono+boundN2xpComp+capDD,yes,no,5.48x,,TIME_LIMIT
cnn1,patch,"1,14,14,3",0,4,328.21,1800.08,12.531821,12.588245,4.320068,4.423854,,rga0.0,,yes,no_n1_encoding+last_layer+zono+boundN2xpComp+capDD,yes,no,5.48x,,TIME_LIMIT
cnn1,patch,"1,14,14,3",0,4,328.21,1800.04,12.531821,12.588245,4.320068,4.422652,,rga0.0,,yes,no_n1_encoding+last_layer+zono+boundN2xpComp+capDD,yes,no,5.48x,,TIME_LIMIT
cnn1,patch,"1,14,14,3",0,4,328.21,1800.07,12.531821,12.588245,4.320068,4.423188,,rga0.0,,yes,no_n1_encoding+last_layer+zono+boundN2xpComp+capDD,yes,no,5.48x,,TIME_LIMIT
cnn1,patch,"1,14,14,3",0,4,328.21,1800.06,12.531821,12.588245,4.320068,4.422997,,rga0.0,,yes,no_n1_encoding+last_layer+zono+boundN2xpOut+boundN2xpComp+capDD,no,no,5.48x,,TIME_LIMIT
cnn1,patch,"1,14,14,3",0,4,328.21,1800.11,12.531821,12.588245,4.320068,4.422995,,rga0.0,,yes,no_n1_encoding+last_layer+zono+boundN2xpOut+boundN2xpComp+capDD,no,no,5.48x,,TIME_LIMIT
cnn1,patch,"1,14,14,3",0,4,328.21,1800.04,12.531821,12.588245,4.320068,4.422502,,rga0.0,,yes,no_n1_encoding+last_layer+zono+boundN2xpOut+boundN2xpComp+capDD,no,no,5.48x,,TIME_LIMIT
cnn1,patch,"1,14,14,3",0,4,328.21,1800.07,12.531821,12.588245,4.320068,4.422511,,rga0.0,,yes,no_n1_encoding+last_layer+zono+boundN2xpOut+boundN2xpComp+capDD,no,no,5.48x,,TIME_LIMIT
cnn1,patch,"1,14,14,3",0,4,328.21,1800.07,12.531821,12.588245,4.320068,4.424001,,rga0.0,,yes,no_n1_encoding+last_layer+zono+boundN2xpOut+boundN2xpComp+capDD,no,no,5.48x,,TIME_LIMIT
cnn1,patch,"1,14,14,3",0,4,328.21,1800.09,12.531821,12.588245,4.320068,4.422126,,rga0.0,,yes,no_n1_encoding+last_layer+zono+boundN2xpOut+boundN2xpComp+capDD,no,no,5.48x,,TIME_LIMIT
cnn1,patch,"1,14,14,3",0,4,328.21,1800.04,12.531821,12.588245,4.349104,11.351628,,rga0.0,,yes,no_n1_encoding+last_layer+zono+boundN2xpOut+branchPriN2x+capDD,no,no,5.48x,,TIME_LIMIT
cnn1,patch,"1,14,14,3",0,4,328.21,1800.05,12.531821,12.588245,4.320068,4.423246,,rga0.0,,yes,no_n1_encoding+last_layer+zono+boundN2xpComp+n2xpViaN1Zono+capDD,no,no,5.48x,,TIME_LIMIT
cnn1,patch,"1,14,14,3",0,4,328.21,1800.04,12.531821,12.588245,4.320068,4.422959,,rga0.0,,yes,no_n1_encoding+last_layer+zono+boundN2xpComp+n2xpViaN1Zono+capDD,no,no,5.48x,,TIME_LIMIT
cnn1,patch,"1,14,14,3",0,4,328.21,1800.08,12.531821,12.588245,4.349776,11.351628,,rga0.0,,yes,no_n1_encoding+last_layer+zono+boundN2xpComp+branchPriN2x+capDD,no,no,5.48x,,TIME_LIMIT
cnn1,patch,"1,14,14,3",0,4,328.21,1800.08,12.531821,12.588245,4.349776,11.351628,,rga0.0,,yes,no_n1_encoding+last_layer+zono+boundN2xpComp+branchPriN2x+capDD,no,no,5.48x,,TIME_LIMIT
cnn1,patch,"1,14,14,3",0,4,328.21,1800.10,12.531821,12.588245,4.320068,4.423292,32,rga0.0,0,yes,no_n1_encoding+last_layer+zono+capDD,yes,no,5.48x,,TIME_LIMIT
cnn1,patch,"1,14,14,3",0,4,328.21,1800.08,12.531821,12.588245,4.320068,4.422608,,rga0.0,,yes,no_n1_encoding+last_layer+zono+capDD,yes,yes,5.48x,,TIME_LIMIT
cnn1,patch,"1,14,14,3",0,4,328.21,1800.15,12.531821,12.588245,4.320068,4.420829,,rga0.0,,yes,no_n1_encoding+last_layer+zono+capDD,yes,yes,5.48x,,TIME_LIMIT
cnn1,patch,"1,14,14,3",0,4,328.21,1800.05,12.531821,12.588245,4.320068,4.421088,32,rga0.0,0,yes,no_n1_encoding+last_layer+zono+capDD,yes,no,5.48x,,TIME_LIMIT
cnn1,patch,"1,14,14,3",0,4,328.21,1800.07,12.531821,12.588245,4.320068,4.422673,,rga0.0,,yes,no_n1_encoding+last_layer+zono+capDD,yes,yes,5.48x,,TIME_LIMIT
cnn1,patch,"1,14,14,3",0,4,328.21,1800.09,12.531821,12.588245,1.736281,40.868362,32,rga0.0,0,yes,no_n2_xp_encoding+zono,no,no,5.48x,,TIME_LIMIT
cnn1,patch,"1,14,14,3",0,4,328.21,1800.05,12.531821,12.588245,0.000000,8.269298,32,rga0.0,0,yes,no+zono+stdWarmstart,yes,no,5.48x,,TIME_LIMIT
cnn1,patch,"1,14,14,3",0,4,328.21,1800.05,12.531821,12.588245,0.000000,8.059506,32,rga0.0,0,yes,no+zono+stdWarmstart,yes,no,5.48x,,TIME_LIMIT
cnn1,patch,"1,14,14,3",0,4,328.21,1800.04,12.531821,12.588245,0.000000,8.684014,,rga0.0,,yes,no+zono+stdWarmstart,yes,no,5.48x,,TIME_LIMIT
cnn1,patch,"1,14,14,3",0,4,328.21,1800.05,12.531821,12.588245,0.000000,7.926746,,rga0.0,,yes,no+zono+stdWarmstart,yes,no,5.48x,,TIME_LIMIT
cnn1,patch,"1,14,14,3",0,4,328.21,1800.06,12.531821,12.588245,0.000000,8.449942,,rga0.0,,yes,no+zono+boundN2xpComp+stdWarmstart,yes,no,5.48x,,TIME_LIMIT
cnn1,patch,"1,14,14,3",0,4,328.21,1800.07,12.531821,12.588245,0.000000,8.684014,,rga0.0,,yes,no+zono+boundN2xpComp+stdWarmstart,yes,no,5.48x,,TIME_LIMIT
cnn1,patch,"1,14,14,3",0,4,328.21,1800.09,12.531821,12.588245,0.000000,6.468950,,rga0.0,,yes,no+zono+boundN2xpOut+stdWarmstart,no,no,5.48x,,TIME_LIMIT
cnn1,patch,"1,14,14,3",0,4,328.21,1800.04,12.531821,12.588245,0.000000,5.862604,,rga0.0,,yes,no+zono+boundN2xpOut+stdWarmstart,no,no,5.48x,,TIME_LIMIT
cnn1,patch,"1,14,14,3",0,4,328.21,1800.63,12.531821,12.588245,4.349979,11.351628,,rga0.0,,yes,no_n1_encoding+last_layer+zono+boundN2xpOut+branchPriN2x+capDD,no,no,5.49x,,TIME_LIMIT
,,,,,,,,,,,,,,,,,,,,
cnn1,patch,"1,14,14,3",0,5,62.33,589.02,13.796666,13.907650,4.336840,4.380075,32,rga0.0,0,yes,no_n1_encoding+last_layer+zono+capDD,yes,no,9.45x,,OPTIMAL
cnn1,patch,"1,14,14,3",0,5,62.33,720.66,13.796666,13.907650,4.336840,4.380075,,rga0.0,,yes,no_n1_encoding+last_layer+zono+boundN2xpComp+capDD,yes,no,11.56x,,OPTIMAL
cnn1,patch,"1,14,14,3",0,5,62.33,720.34,13.796666,13.907650,4.336840,4.380075,,rga0.0,,yes,no_n1_encoding+last_layer+zono+capDD,yes,yes,11.56x,,OPTIMAL
cnn1,patch,"1,14,14,3",0,5,62.33,721.94,13.796666,13.907650,4.336840,4.380075,,rga0.0,,yes,no_n1_encoding+last_layer+zono+boundN2xpComp+n2xpViaN1Zono+capDD,no,no,11.58x,,OPTIMAL
cnn1,patch,"1,14,14,3",0,5,62.33,721.58,13.796666,13.907650,4.336840,4.380075,32,rga0.0,0,yes,no_n1_encoding+last_layer+zono+capDD,yes,no,11.58x,,OPTIMAL
cnn1,patch,"1,14,14,3",0,5,62.33,736.01,13.796666,13.907650,4.336840,4.380075,,rga0.0,,yes,no_n1_encoding+last_layer+zono+boundN2xpOut+boundN2xpComp+capDD,no,no,11.81x,,OPTIMAL
cnn1,patch,"1,14,14,3",0,5,62.33,739.23,13.796666,13.907650,4.336840,4.380075,,rga0.0,,yes,no_n1_encoding+last_layer+zono+boundN2xpOut+boundN2xpComp+capDD,no,no,11.86x,,OPTIMAL
cnn1,patch,"1,14,14,3",0,5,62.33,739.91,13.796666,13.907650,4.336840,4.380075,,rga0.0,,yes,no_n1_encoding+last_layer+zono+boundN2xpOut+boundN2xpComp+capDD,no,no,11.87x,,OPTIMAL
cnn1,patch,"1,14,14,3",0,5,62.33,742.13,13.796666,13.907650,4.336840,4.380075,,rga0.0,,yes,no_n1_encoding+last_layer+zono+boundN2xpOut+boundN2xpComp+capDD,no,no,11.91x,,OPTIMAL
cnn1,patch,"1,14,14,3",0,5,62.33,753.16,13.796666,13.907650,4.336840,4.380075,,rga0.0,,yes,no_n1_encoding+last_layer+zono+boundN2xpComp+capDD,yes,no,12.08x,,OPTIMAL
cnn1,patch,"1,14,14,3",0,5,62.33,757.92,13.796666,13.907650,4.336840,4.380075,32,rga0.0,0,yes,no_n1_encoding+last_layer+zono+capDD,yes,no,12.16x,,OPTIMAL
cnn1,patch,"1,14,14,3",0,5,62.33,763.08,13.796666,13.907650,4.336840,4.380075,,rga0.0,,yes,no_n1_encoding+last_layer+zono+boundN2xpComp+capDD,yes,no,12.24x,,OPTIMAL
cnn1,patch,"1,14,14,3",0,5,62.33,768.48,13.796666,13.907650,4.336840,4.380075,,rga0.0,,yes,no_n1_encoding+last_layer+zono+boundN2xpComp+n2xpViaN1Zono+capDD,no,no,12.33x,,OPTIMAL
cnn1,patch,"1,14,14,3",0,5,62.33,769.33,13.796666,13.907650,4.336840,4.380075,,rga0.0,,yes,no_n1_encoding+last_layer+zono+boundN2xpComp+capDD,yes,no,12.34x,,OPTIMAL
cnn1,patch,"1,14,14,3",0,5,62.33,770.72,13.796666,13.907650,4.336840,4.380075,32,rga0.0,0,yes,no_n1_encoding+last_layer+zono+capDD,yes,no,12.37x,,OPTIMAL
cnn1,patch,"1,14,14,3",0,5,62.33,774.57,13.796666,13.907650,4.336840,4.380075,,rga0.0,,yes,no_n1_encoding+last_layer+zono+capDD,yes,yes,12.43x,,OPTIMAL
cnn1,patch,"1,14,14,3",0,5,62.33,775.17,13.796666,13.907650,4.336840,4.380075,,rga0.0,,yes,no_n1_encoding+last_layer+zono+capDD,yes,yes,12.44x,,OPTIMAL
cnn1,patch,"1,14,14,3",0,5,62.33,800.37,13.796666,13.907650,4.336840,4.380075,,rga0.0,,yes,no_n1_encoding+last_layer+zono+capDD,yes,yes,12.84x,,OPTIMAL
cnn1,patch,"1,14,14,3",0,5,62.33,826.52,13.796666,13.907650,4.336840,4.380075,,rga0.0,,yes,no_n1_encoding+last_layer+zono+boundN2xpOut+boundN2xpComp+capDD,no,no,13.26x,,OPTIMAL
cnn1,patch,"1,14,14,3",0,5,62.33,961.48,13.796666,13.907650,-0.026733,-0.026649,,rga0.0,,yes,no+zono+stdWarmstart,yes,no,15.43x,,OPTIMAL
cnn1,patch,"1,14,14,3",0,5,62.33,1003.20,13.796666,13.907650,-0.026733,-0.026649,,rga0.0,,yes,no+zono+stdWarmstart,yes,no,16.10x,,OPTIMAL
cnn1,patch,"1,14,14,3",0,5,62.33,1040.99,13.796666,13.907650,-0.026733,-0.026649,,rga0.0,,yes,no+zono+boundN2xpOut+stdWarmstart,no,no,16.70x,,OPTIMAL
cnn1,patch,"1,14,14,3",0,5,62.33,1112.39,13.796666,13.907650,-0.026733,-0.026524,,rga0.0,,yes,no+zono+boundN2xpComp+stdWarmstart,yes,no,17.85x,,OPTIMAL
cnn1,patch,"1,14,14,3",0,5,62.33,1126.36,13.796666,13.907650,-0.026733,-0.026733,,rga0.0,,yes,no+zono+boundN2xpComp+stdWarmstart,yes,no,18.07x,,OPTIMAL
cnn1,patch,"1,14,14,3",0,5,62.33,1174.06,13.796666,13.907650,-0.026733,-0.026731,,rga0.0,,yes,no+zono+boundN2xpOut+stdWarmstart,no,no,18.84x,,OPTIMAL
cnn1,patch,"1,14,14,3",0,5,62.33,1302.80,13.796666,13.907650,-0.026733,-0.026733,32,rga0.0,0,yes,no+zono+stdWarmstart,yes,no,20.90x,,OPTIMAL
cnn1,patch,"1,14,14,3",0,5,62.33,1336.99,13.796666,13.907650,-0.026733,-0.026733,32,rga0.0,0,yes,no+zono+stdWarmstart,yes,no,21.45x,,OPTIMAL
cnn1,patch,"1,14,14,3",0,5,62.33,1341.53,13.796666,13.907650,4.354086,4.397607,32,rga0.0,0,yes,no_n1_encoding+last_layer+zono,yes,no,21.52x,,OPTIMAL
cnn1,patch,"1,14,14,3",0,5,62.33,1674.58,13.796666,13.907650,4.354086,4.397607,,rga0.0,,yes,no_n1_encoding+last_layer+zono+boundN2xpComp+n2xpViaN1Zono,no,no,26.87x,,OPTIMAL
cnn1,patch,"1,14,14,3",0,5,62.33,1678.95,13.796666,13.907650,4.354086,4.397607,32,rga0.0,0,yes,no_n1_encoding+last_layer+zono,yes,no,26.94x,,OPTIMAL
cnn1,patch,"1,14,14,3",0,5,62.33,1756.21,13.796666,13.907650,4.354086,4.397607,32,rga0.0,0,yes,no_n1_encoding+last_layer+zono+boundN2xpComp,yes,no,28.18x,,OPTIMAL
cnn1,patch,"1,14,14,3",0,5,62.33,1764.67,13.796666,13.907650,4.354086,4.397607,32,rga0.0,0,yes,no_n1_encoding+last_layer+zono+boundN2xpComp,yes,no,28.31x,,OPTIMAL
cnn1,patch,"1,14,14,3",0,5,62.33,1764.81,13.796666,13.907650,4.354086,4.397607,32,rga0.0,0,yes,no_n1_encoding+last_layer+zono,yes,no,28.32x,,OPTIMAL
cnn1,patch,"1,14,14,3",0,5,62.33,1768.42,13.796666,13.907650,4.354086,4.397607,32,rga0.0,0,yes,no_n1_encoding+last_layer+zono,yes,no,28.37x,,OPTIMAL
cnn1,patch,"1,14,14,3",0,5,62.33,1800.05,13.796666,13.907650,4.337045,4.447716,,rga0.0,,yes,no_n1_encoding+last_layer+zono+boundN2xpOut+boundN2xpComp+capDD,no,no,28.88x,,TIME_LIMIT
cnn1,patch,"1,14,14,3",0,5,62.33,1800.06,13.796666,13.907650,4.352150,11.351628,,rga0.0,,yes,no_n1_encoding+last_layer+zono+boundN2xpOut+branchPriN2x+capDD,no,no,28.88x,,TIME_LIMIT
cnn1,patch,"1,14,14,3",0,5,62.33,1800.06,13.796666,13.907650,4.352151,11.351628,,rga0.0,,yes,no_n1_encoding+last_layer+zono+boundN2xpComp+branchPriN2x+capDD,no,no,28.88x,,TIME_LIMIT
cnn1,patch,"1,14,14,3",0,5,62.33,1800.04,13.796666,13.907650,4.352151,11.351628,,rga0.0,,yes,no_n1_encoding+last_layer+zono+boundN2xpComp+branchPriN2x+capDD,no,no,28.88x,,TIME_LIMIT
cnn1,patch,"1,14,14,3",0,5,62.33,1800.04,13.796666,13.907650,4.337045,4.447435,,rga0.0,,yes,no_n1_encoding+last_layer+zono+capDD,yes,yes,28.88x,,TIME_LIMIT
cnn1,patch,"1,14,14,3",0,5,62.33,1800.43,13.796666,13.907650,4.354761,11.351628,,rga0.0,,yes,no_n1_encoding+last_layer+zono+boundN2xpOut+branchPriN2x+capDD,no,no,28.89x,,TIME_LIMIT
,,,,,,,,,,,,,,,,,,,,
cnn1,patch,"1,14,14,3",1,3,94.60,567.44,12.109548,12.109548,-0.009400,-0.009400,,rga0.0,,yes,no+zono+stdWarmstart,yes,no,6.00x,,OPTIMAL
cnn1,patch,"1,14,14,3",1,3,94.60,585.15,12.109548,12.109548,-0.009400,-0.009400,,rga0.0,,yes,no+zono+boundN2xpComp+stdWarmstart,yes,no,6.19x,,OPTIMAL
cnn1,patch,"1,14,14,3",1,3,94.60,744.38,12.109548,12.109548,-0.009400,-0.009400,,rga0.0,,yes,no+zono+boundN2xpOut+stdWarmstart,no,no,7.87x,,OPTIMAL
cnn1,patch,"1,14,14,3",1,3,94.60,759.26,12.109548,12.109548,-0.009400,-0.009400,,rga0.0,,yes,no+zono+boundN2xpOut+stdWarmstart,no,no,8.03x,,OPTIMAL
cnn1,patch,"1,14,14,3",1,3,94.60,822.46,12.109548,12.109548,-0.009400,-0.009398,32,rga0.0,0,yes,no+zono+stdWarmstart,yes,no,8.69x,,OPTIMAL
cnn1,patch,"1,14,14,3",1,3,94.60,826.85,12.109548,12.109548,-0.009400,-0.009398,32,rga0.0,0,yes,no+zono+stdWarmstart,yes,no,8.74x,,OPTIMAL
cnn1,patch,"1,14,14,3",1,3,94.60,860.89,12.109548,12.109548,-0.009400,-0.009400,,rga0.0,,yes,no+zono+boundN2xpComp+stdWarmstart,yes,no,9.10x,,OPTIMAL
cnn1,patch,"1,14,14,3",1,3,94.60,924.25,12.109548,12.109548,-0.009400,-0.009400,,rga0.0,,yes,no+zono+stdWarmstart,yes,no,9.77x,,OPTIMAL
cnn1,patch,"1,14,14,3",1,3,94.60,963.81,12.109548,12.109548,3.226793,3.258915,32,rga0.0,0,yes,no_n1_encoding+last_layer+zono,yes,no,10.19x,,OPTIMAL
cnn1,patch,"1,14,14,3",1,3,94.60,1307.54,12.109548,12.109548,3.226793,3.258915,32,rga0.0,0,yes,no_n1_encoding+last_layer+zono,yes,no,13.82x,,OPTIMAL
cnn1,patch,"1,14,14,3",1,3,94.60,1307.94,12.109548,12.109548,3.226793,3.258915,,rga0.0,,yes,no_n1_encoding+last_layer+zono+boundN2xpComp+n2xpViaN1Zono,no,no,13.83x,,OPTIMAL
cnn1,patch,"1,14,14,3",1,3,94.60,1394.67,12.109548,12.109548,3.226793,3.258915,32,rga0.0,0,yes,no_n1_encoding+last_layer+zono+boundN2xpComp,yes,no,14.74x,,OPTIMAL
cnn1,patch,"1,14,14,3",1,3,94.60,1403.59,12.109548,12.109548,3.226793,3.258915,32,rga0.0,0,yes,no_n1_encoding+last_layer+zono,yes,no,14.84x,,OPTIMAL
cnn1,patch,"1,14,14,3",1,3,94.60,1406.12,12.109548,12.109548,3.226793,3.258915,32,rga0.0,0,yes,no_n1_encoding+last_layer+zono+boundN2xpComp,yes,no,14.86x,,OPTIMAL
cnn1,patch,"1,14,14,3",1,3,94.60,1409.72,12.109548,12.109548,3.226793,3.258915,32,rga0.0,0,yes,no_n1_encoding+last_layer+zono,yes,no,14.90x,,OPTIMAL
cnn1,patch,"1,14,14,3",1,3,94.60,1800.09,12.109548,12.109548,3.125098,8.513899,32,rga0.0,0,yes,no_n1_encoding+last_layer+zono+capDD,yes,no,19.03x,,TIME_LIMIT
cnn1,patch,"1,14,14,3",1,3,94.60,1800.12,12.109548,12.109548,3.125098,8.513899,32,rga0.0,0,yes,no_n1_encoding+last_layer+zono+capDD,yes,no,19.03x,,TIME_LIMIT
cnn1,patch,"1,14,14,3",1,3,94.60,1800.13,12.109548,12.109548,3.125098,8.513899,,rga0.0,,yes,no_n1_encoding+last_layer+zono+capDD,yes,yes,19.03x,,TIME_LIMIT
cnn1,patch,"1,14,14,3",1,3,94.60,1800.07,12.109548,12.109548,3.125098,8.513899,,rga0.0,,yes,no_n1_encoding+last_layer+zono+capDD,yes,yes,19.03x,,TIME_LIMIT
cnn1,patch,"1,14,14,3",1,3,94.60,1800.09,12.109548,12.109548,3.125098,8.513899,,rga0.0,,yes,no_n1_encoding+last_layer+zono+boundN2xpComp+capDD,yes,no,19.03x,,TIME_LIMIT
cnn1,patch,"1,14,14,3",1,3,94.60,1800.09,12.109548,12.109548,3.125098,8.513899,,rga0.0,,yes,no_n1_encoding+last_layer+zono+boundN2xpComp+capDD,yes,no,19.03x,,TIME_LIMIT
cnn1,patch,"1,14,14,3",1,3,94.60,1800.08,12.109548,12.109548,3.125098,8.513899,,rga0.0,,yes,no_n1_encoding+last_layer+zono+boundN2xpComp+capDD,yes,no,19.03x,,TIME_LIMIT
cnn1,patch,"1,14,14,3",1,3,94.60,1800.15,12.109548,12.109548,3.125098,8.513899,,rga0.0,,yes,no_n1_encoding+last_layer+zono+boundN2xpComp+capDD,yes,no,19.03x,,TIME_LIMIT
cnn1,patch,"1,14,14,3",1,3,94.60,1800.09,12.109548,12.109548,3.125098,8.513899,,rga0.0,,yes,no_n1_encoding+last_layer+zono+boundN2xpOut+boundN2xpComp+capDD,no,no,19.03x,,TIME_LIMIT
cnn1,patch,"1,14,14,3",1,3,94.60,1800.09,12.109548,12.109548,3.125098,8.513899,,rga0.0,,yes,no_n1_encoding+last_layer+zono+boundN2xpOut+boundN2xpComp+capDD,no,no,19.03x,,TIME_LIMIT
cnn1,patch,"1,14,14,3",1,3,94.60,1800.14,12.109548,12.109548,3.125098,8.513899,,rga0.0,,yes,no_n1_encoding+last_layer+zono+boundN2xpOut+boundN2xpComp+capDD,no,no,19.03x,,TIME_LIMIT
cnn1,patch,"1,14,14,3",1,3,94.60,1800.06,12.109548,12.109548,3.125098,8.513899,,rga0.0,,yes,no_n1_encoding+last_layer+zono+boundN2xpOut+boundN2xpComp+capDD,no,no,19.03x,,TIME_LIMIT
cnn1,patch,"1,14,14,3",1,3,94.60,1800.16,12.109548,12.109548,3.125098,8.513899,,rga0.0,,yes,no_n1_encoding+last_layer+zono+boundN2xpOut+boundN2xpComp+capDD,no,no,19.03x,,TIME_LIMIT
cnn1,patch,"1,14,14,3",1,3,94.60,1800.14,12.109548,12.109548,3.125098,8.513899,,rga0.0,,yes,no_n1_encoding+last_layer+zono+boundN2xpOut+boundN2xpComp+capDD,no,no,19.03x,,TIME_LIMIT
cnn1,patch,"1,14,14,3",1,3,94.60,1800.05,12.109548,12.109548,3.069564,8.513899,,rga0.0,,yes,no_n1_encoding+last_layer+zono+boundN2xpOut+branchPriN2x+capDD,no,no,19.03x,,TIME_LIMIT
cnn1,patch,"1,14,14,3",1,3,94.60,1800.20,12.109548,12.109548,3.125099,8.513899,,rga0.0,,yes,no_n1_encoding+last_layer+zono+boundN2xpOut+branchPriN2x+capDD,no,no,19.03x,,TIME_LIMIT
cnn1,patch,"1,14,14,3",1,3,94.60,1800.07,12.109548,12.109548,3.125098,8.513899,,rga0.0,,yes,no_n1_encoding+last_layer+zono+boundN2xpComp+n2xpViaN1Zono+capDD,no,no,19.03x,,TIME_LIMIT
cnn1,patch,"1,14,14,3",1,3,94.60,1800.10,12.109548,12.109548,3.125098,8.513899,,rga0.0,,yes,no_n1_encoding+last_layer+zono+boundN2xpComp+n2xpViaN1Zono+capDD,no,no,19.03x,,TIME_LIMIT
cnn1,patch,"1,14,14,3",1,3,94.60,1800.10,12.109548,12.109548,3.125099,8.513899,,rga0.0,,yes,no_n1_encoding+last_layer+zono+boundN2xpComp+branchPriN2x+capDD,no,no,19.03x,,TIME_LIMIT
cnn1,patch,"1,14,14,3",1,3,94.60,1800.05,12.109548,12.109548,3.125099,8.513899,,rga0.0,,yes,no_n1_encoding+last_layer+zono+boundN2xpComp+branchPriN2x+capDD,no,no,19.03x,,TIME_LIMIT
cnn1,patch,"1,14,14,3",1,3,94.60,1800.10,12.109548,12.109548,3.125098,8.513899,32,rga0.0,0,yes,no_n1_encoding+last_layer+zono+capDD,yes,no,19.03x,,TIME_LIMIT
cnn1,patch,"1,14,14,3",1,3,94.60,1800.07,12.109548,12.109548,3.137618,3.494427,,rga0.0,,yes,no_n1_encoding+last_layer+zono+capDD,yes,yes,19.03x,,TIME_LIMIT
cnn1,patch,"1,14,14,3",1,3,94.60,1800.07,12.109548,12.109548,3.132664,3.501981,,rga0.0,,yes,no_n1_encoding+last_layer+zono+capDD,yes,yes,19.03x,,TIME_LIMIT
cnn1,patch,"1,14,14,3",1,3,94.60,1800.09,12.109548,12.109548,3.125098,8.513899,32,rga0.0,0,yes,no_n1_encoding+last_layer+zono+capDD,yes,no,19.03x,,TIME_LIMIT
cnn1,patch,"1,14,14,3",1,3,94.60,1800.05,12.109548,12.109548,3.125098,8.513899,,rga0.0,,yes,no_n1_encoding+last_layer+zono+capDD,yes,yes,19.03x,,TIME_LIMIT
,,,,,,,,,,,,,,,,,,,,
cnn1,patch,"1,14,14,3",1,4,113.19,901.27,9.540657,9.540657,0.019339,0.019339,,rga0.0,,yes,no+zono+boundN2xpComp+stdWarmstart,yes,no,7.96x,,OPTIMAL
cnn1,patch,"1,14,14,3",1,4,113.19,916.72,9.540657,9.540657,0.019339,0.019339,32,rga0.0,0,yes,no+zono+stdWarmstart,yes,no,8.10x,,OPTIMAL
cnn1,patch,"1,14,14,3",1,4,113.19,1008.71,9.540657,9.540657,0.019339,0.019339,32,rga0.0,0,yes,no+zono+stdWarmstart,yes,no,8.91x,,OPTIMAL
cnn1,patch,"1,14,14,3",1,4,113.19,1268.51,9.540657,9.540657,0.019339,0.019339,,rga0.0,,yes,no+zono+stdWarmstart,yes,no,11.21x,,OPTIMAL
cnn1,patch,"1,14,14,3",1,4,113.19,1445.24,9.540657,9.540657,0.019339,0.019339,,rga0.0,,yes,no+zono+boundN2xpOut+stdWarmstart,no,no,12.77x,,OPTIMAL
cnn1,patch,"1,14,14,3",1,4,113.19,1583.10,9.540657,9.540657,0.019339,0.019339,,rga0.0,,yes,no+zono+stdWarmstart,yes,no,13.99x,,OPTIMAL
cnn1,patch,"1,14,14,3",1,4,113.19,1703.75,9.540657,9.540657,0.019339,0.019339,,rga0.0,,yes,no+zono+boundN2xpComp+stdWarmstart,yes,no,15.05x,,OPTIMAL
cnn1,patch,"1,14,14,3",1,4,113.19,1800.07,9.540657,9.540657,3.305078,3.398837,32,rga0.0,0,yes,no_n1_encoding+last_layer+zono+capDD,yes,no,15.90x,,TIME_LIMIT
cnn1,patch,"1,14,14,3",1,4,113.19,1800.10,9.540657,9.540657,3.305078,3.398250,32,rga0.0,0,yes,no_n1_encoding+last_layer+zono+capDD,yes,no,15.90x,,TIME_LIMIT
cnn1,patch,"1,14,14,3",1,4,113.19,1800.10,9.540657,9.540657,3.305078,3.398040,,rga0.0,,yes,no_n1_encoding+last_layer+zono+capDD,yes,yes,15.90x,,TIME_LIMIT
cnn1,patch,"1,14,14,3",1,4,113.19,1800.12,9.540657,9.540657,3.305078,3.396732,,rga0.0,,yes,no_n1_encoding+last_layer+zono+capDD,yes,yes,15.90x,,TIME_LIMIT
cnn1,patch,"1,14,14,3",1,4,113.19,1800.09,9.540657,9.540657,3.305078,3.398420,,rga0.0,,yes,no_n1_encoding+last_layer+zono+boundN2xpComp+capDD,yes,no,15.90x,,TIME_LIMIT
cnn1,patch,"1,14,14,3",1,4,113.19,1800.04,9.540657,9.540657,3.305078,3.399262,,rga0.0,,yes,no_n1_encoding+last_layer+zono+boundN2xpComp+capDD,yes,no,15.90x,,TIME_LIMIT
cnn1,patch,"1,14,14,3",1,4,113.19,1800.04,9.540657,9.540657,3.305079,3.395739,,rga0.0,,yes,no_n1_encoding+last_layer+zono+boundN2xpComp+capDD,yes,no,15.90x,,TIME_LIMIT
cnn1,patch,"1,14,14,3",1,4,113.19,1800.19,9.540657,9.540657,3.305078,3.396732,,rga0.0,,yes,no_n1_encoding+last_layer+zono+boundN2xpComp+capDD,yes,no,15.90x,,TIME_LIMIT
cnn1,patch,"1,14,14,3",1,4,113.19,1800.09,9.540657,9.540657,3.305078,3.395749,,rga0.0,,yes,no_n1_encoding+last_layer+zono+boundN2xpOut+boundN2xpComp+capDD,no,no,15.90x,,TIME_LIMIT
cnn1,patch,"1,14,14,3",1,4,113.19,1800.16,9.540657,9.540657,3.305079,3.395749,,rga0.0,,yes,no_n1_encoding+last_layer+zono+boundN2xpOut+boundN2xpComp+capDD,no,no,15.90x,,TIME_LIMIT
cnn1,patch,"1,14,14,3",1,4,113.19,1800.06,9.540657,9.540657,3.305078,3.396732,,rga0.0,,yes,no_n1_encoding+last_layer+zono+boundN2xpOut+boundN2xpComp+capDD,no,no,15.90x,,TIME_LIMIT
cnn1,patch,"1,14,14,3",1,4,113.19,1800.05,9.540657,9.540657,3.305078,3.396341,,rga0.0,,yes,no_n1_encoding+last_layer+zono+boundN2xpOut+boundN2xpComp+capDD,no,no,15.90x,,TIME_LIMIT
cnn1,patch,"1,14,14,3",1,4,113.19,1800.07,9.540657,9.540657,3.325689,3.376235,,rga0.0,,yes,no_n1_encoding+last_layer+zono+boundN2xpOut+boundN2xpComp+capDD,no,no,15.90x,,TIME_LIMIT
cnn1,patch,"1,14,14,3",1,4,113.19,1800.03,9.540657,9.540657,3.305078,3.399893,,rga0.0,,yes,no_n1_encoding+last_layer+zono+boundN2xpOut+boundN2xpComp+capDD,no,no,15.90x,,TIME_LIMIT
cnn1,patch,"1,14,14,3",1,4,113.19,1800.07,9.540657,9.540657,3.324450,8.513899,,rga0.0,,yes,no_n1_encoding+last_layer+zono+boundN2xpOut+branchPriN2x+capDD,no,no,15.90x,,TIME_LIMIT
cnn1,patch,"1,14,14,3",1,4,113.19,1800.07,9.540657,9.540657,3.305078,3.396929,,rga0.0,,yes,no_n1_encoding+last_layer+zono+boundN2xpComp+n2xpViaN1Zono+capDD,no,no,15.90x,,TIME_LIMIT
cnn1,patch,"1,14,14,3",1,4,113.19,1800.04,9.540657,9.540657,3.325689,3.379169,,rga0.0,,yes,no_n1_encoding+last_layer+zono+boundN2xpComp+n2xpViaN1Zono+capDD,no,no,15.90x,,TIME_LIMIT
cnn1,patch,"1,14,14,3",1,4,113.19,1800.12,9.540657,9.540657,3.305078,3.397640,32,rga0.0,0,yes,no_n1_encoding+last_layer+zono+capDD,yes,no,15.90x,,TIME_LIMIT
cnn1,patch,"1,14,14,3",1,4,113.19,1800.07,9.540657,9.540657,3.325689,3.376069,,rga0.0,,yes,no_n1_encoding+last_layer+zono+capDD,yes,yes,15.90x,,TIME_LIMIT
cnn1,patch,"1,14,14,3",1,4,113.19,1800.05,9.540657,9.540657,3.325689,3.376235,,rga0.0,,yes,no_n1_encoding+last_layer+zono+capDD,yes,yes,15.90x,,TIME_LIMIT
cnn1,patch,"1,14,14,3",1,4,113.19,1800.06,9.540657,9.540657,3.325347,3.385749,32,rga0.0,0,yes,no_n1_encoding+last_layer+zono+capDD,yes,no,15.90x,,TIME_LIMIT
cnn1,patch,"1,14,14,3",1,4,113.19,1800.05,9.540657,9.540657,3.305112,3.395699,,rga0.0,,yes,no_n1_encoding+last_layer+zono+capDD,yes,yes,15.90x,,TIME_LIMIT
cnn1,patch,"1,14,14,3",1,4,113.19,1800.14,9.540657,9.540657,-0.102173,0.020099,,rga0.0,,yes,no+zono+boundN2xpOut+stdWarmstart,no,no,15.90x,,TIME_LIMIT
cnn1,patch,"1,14,14,3",1,4,113.19,1800.36,9.540657,9.540657,3.308565,8.513899,,rga0.0,,yes,no_n1_encoding+last_layer+zono+boundN2xpOut+branchPriN2x+capDD,no,no,15.91x,,TIME_LIMIT
cnn1,patch,"1,14,14,3",1,4,113.19,1800.88,9.540657,9.540657,3.328228,8.513899,,rga0.0,,yes,no_n1_encoding+last_layer+zono+boundN2xpComp+branchPriN2x+capDD,no,no,15.91x,,TIME_LIMIT
cnn1,patch,"1,14,14,3",1,4,113.19,1800.71,9.540657,9.540657,3.328228,8.513899,,rga0.0,,yes,no_n1_encoding+last_layer+zono+boundN2xpComp+branchPriN2x+capDD,no,no,15.91x,,TIME_LIMIT
,,,,,,,,,,,,,,,,,,,,
cnn1,patch,"1,14,14,3",1,5,138.25,419.59,9.376198,9.448297,3.355700,3.388686,,rga0.0,,yes,no_n1_encoding+last_layer+zono+boundN2xpOut+boundN2xpComp+capDD,no,no,3.03x,,OPTIMAL
cnn1,patch,"1,14,14,3",1,5,138.25,433.42,9.376198,9.448297,3.355700,3.388686,,rga0.0,,yes,no_n1_encoding+last_layer+zono+boundN2xpOut+boundN2xpComp+capDD,no,no,3.13x,,OPTIMAL
cnn1,patch,"1,14,14,3",1,5,138.25,588.75,9.376198,9.448297,3.355700,3.388686,,rga0.0,,yes,no_n1_encoding+last_layer+zono+capDD,yes,yes,4.26x,,OPTIMAL
cnn1,patch,"1,14,14,3",1,5,138.25,908.63,9.376198,9.448297,-0.042497,-0.042495,,rga0.0,,yes,no+zono+stdWarmstart,yes,no,6.57x,,OPTIMAL
cnn1,patch,"1,14,14,3",1,5,138.25,932.30,9.376198,9.448297,-0.042765,-0.042497,,rga0.0,,yes,no+zono+boundN2xpOut+stdWarmstart,no,no,6.74x,,OPTIMAL
cnn1,patch,"1,14,14,3",1,5,138.25,954.80,9.376198,9.448297,-0.042497,-0.042495,,rga0.0,,yes,no+zono+stdWarmstart,yes,no,6.91x,,OPTIMAL
cnn1,patch,"1,14,14,3",1,5,138.25,1012.46,9.376198,9.448297,-0.042497,-0.042493,,rga0.0,,yes,no+zono+boundN2xpComp+stdWarmstart,yes,no,7.32x,,OPTIMAL
cnn1,patch,"1,14,14,3",1,5,138.25,1046.75,9.376198,9.448297,-0.042497,-0.042495,,rga0.0,,yes,no+zono+boundN2xpOut+stdWarmstart,no,no,7.57x,,OPTIMAL
cnn1,patch,"1,14,14,3",1,5,138.25,1067.79,9.376198,9.448297,-0.042497,-0.042497,,rga0.0,,yes,no+zono+boundN2xpComp+stdWarmstart,yes,no,7.72x,,OPTIMAL
cnn1,patch,"1,14,14,3",1,5,138.25,1106.08,9.376198,9.448297,-0.042497,-0.042497,32,rga0.0,0,yes,no+zono+stdWarmstart,yes,no,8.00x,,OPTIMAL
cnn1,patch,"1,14,14,3",1,5,138.25,1150.37,9.376198,9.448297,-0.042497,-0.042497,32,rga0.0,0,yes,no+zono+stdWarmstart,yes,no,8.32x,,OPTIMAL
cnn1,patch,"1,14,14,3",1,5,138.25,1800.05,9.376198,9.448297,3.351072,3.466145,32,rga0.0,0,yes,no_n1_encoding+last_layer+zono+capDD,yes,no,13.02x,,TIME_LIMIT
cnn1,patch,"1,14,14,3",1,5,138.25,1800.09,9.376198,9.448297,3.351072,3.466145,32,rga0.0,0,yes,no_n1_encoding+last_layer+zono+capDD,yes,no,13.02x,,TIME_LIMIT
cnn1,patch,"1,14,14,3",1,5,138.25,1800.08,9.376198,9.448297,3.351072,3.462871,,rga0.0,,yes,no_n1_encoding+last_layer+zono+capDD,yes,yes,13.02x,,TIME_LIMIT
cnn1,patch,"1,14,14,3",1,5,138.25,1800.06,9.376198,9.448297,3.351072,3.462144,,rga0.0,,yes,no_n1_encoding+last_layer+zono+capDD,yes,yes,13.02x,,TIME_LIMIT
cnn1,patch,"1,14,14,3",1,5,138.25,1800.15,9.376198,9.448297,3.351072,3.466145,,rga0.0,,yes,no_n1_encoding+last_layer+zono+boundN2xpComp+capDD,yes,no,13.02x,,TIME_LIMIT
cnn1,patch,"1,14,14,3",1,5,138.25,1800.04,9.376198,9.448297,3.351072,3.466348,,rga0.0,,yes,no_n1_encoding+last_layer+zono+boundN2xpComp+capDD,yes,no,13.02x,,TIME_LIMIT
cnn1,patch,"1,14,14,3",1,5,138.25,1800.03,9.376198,9.448297,3.351072,3.462389,,rga0.0,,yes,no_n1_encoding+last_layer+zono+boundN2xpComp+capDD,yes,no,13.02x,,TIME_LIMIT
cnn1,patch,"1,14,14,3",1,5,138.25,1800.07,9.376198,9.448297,3.351072,3.464483,,rga0.0,,yes,no_n1_encoding+last_layer+zono+boundN2xpComp+capDD,yes,no,13.02x,,TIME_LIMIT
cnn1,patch,"1,14,14,3",1,5,138.25,1800.05,9.376198,9.448297,3.351072,3.461098,,rga0.0,,yes,no_n1_encoding+last_layer+zono+boundN2xpOut+boundN2xpComp+capDD,no,no,13.02x,,TIME_LIMIT
cnn1,patch,"1,14,14,3",1,5,138.25,1800.06,9.376198,9.448297,3.351072,3.461276,,rga0.0,,yes,no_n1_encoding+last_layer+zono+boundN2xpOut+boundN2xpComp+capDD,no,no,13.02x,,TIME_LIMIT
cnn1,patch,"1,14,14,3",1,5,138.25,1800.07,9.376198,9.448297,3.351072,3.461276,,rga0.0,,yes,no_n1_encoding+last_layer+zono+boundN2xpOut+boundN2xpComp+capDD,no,no,13.02x,,TIME_LIMIT
cnn1,patch,"1,14,14,3",1,5,138.25,1800.08,9.376198,9.448297,3.351072,3.461276,,rga0.0,,yes,no_n1_encoding+last_layer+zono+boundN2xpOut+boundN2xpComp+capDD,no,no,13.02x,,TIME_LIMIT
cnn1,patch,"1,14,14,3",1,5,138.25,1800.76,9.376198,9.448297,3.364557,8.513899,,rga0.0,,yes,no_n1_encoding+last_layer+zono+boundN2xpOut+branchPriN2x+capDD,no,no,13.02x,,TIME_LIMIT
cnn1,patch,"1,14,14,3",1,5,138.25,1800.09,9.376198,9.448297,3.365111,8.513899,,rga0.0,,yes,no_n1_encoding+last_layer+zono+boundN2xpOut+branchPriN2x+capDD,no,no,13.02x,,TIME_LIMIT
cnn1,patch,"1,14,14,3",1,5,138.25,1800.07,9.376198,9.448297,3.351072,3.463738,,rga0.0,,yes,no_n1_encoding+last_layer+zono+boundN2xpComp+n2xpViaN1Zono+capDD,no,no,13.02x,,TIME_LIMIT
cnn1,patch,"1,14,14,3",1,5,138.25,1800.05,9.376198,9.448297,3.351072,3.464483,,rga0.0,,yes,no_n1_encoding+last_layer+zono+boundN2xpComp+n2xpViaN1Zono+capDD,no,no,13.02x,,TIME_LIMIT
cnn1,patch,"1,14,14,3",1,5,138.25,1800.28,9.376198,9.448297,3.364617,8.513899,,rga0.0,,yes,no_n1_encoding+last_layer+zono+boundN2xpComp+branchPriN2x+capDD,no,no,13.02x,,TIME_LIMIT
cnn1,patch,"1,14,14,3",1,5,138.25,1800.30,9.376198,9.448297,3.364617,8.513899,,rga0.0,,yes,no_n1_encoding+last_layer+zono+boundN2xpComp+branchPriN2x+capDD,no,no,13.02x,,TIME_LIMIT
cnn1,patch,"1,14,14,3",1,5,138.25,1800.05,9.376198,9.448297,3.351072,3.463813,32,rga0.0,0,yes,no_n1_encoding+last_layer+zono+capDD,yes,no,13.02x,,TIME_LIMIT
cnn1,patch,"1,14,14,3",1,5,138.25,1800.14,9.376198,9.448297,3.351072,3.452718,,rga0.0,,yes,no_n1_encoding+last_layer+zono+capDD,yes,yes,13.02x,,TIME_LIMIT
cnn1,patch,"1,14,14,3",1,5,138.25,1800.04,9.376198,9.448297,3.351072,3.445438,32,rga0.0,0,yes,no_n1_encoding+last_layer+zono+capDD,yes,no,13.02x,,TIME_LIMIT
cnn1,patch,"1,14,14,3",1,5,138.25,1800.05,9.376198,9.448297,3.351072,3.461891,,rga0.0,,yes,no_n1_encoding+last_layer+zono+capDD,yes,yes,13.02x,,TIME_LIMIT
,,,,,,,,,,,,,,,,,,,,
cnn1,translation,"1,1",0,3,344.88,635.07,54.002731,54.540085,0.000000,0.000000,32,rga0.0,0,yes,no_n2_xp_encoding+zono,no,no,1.84x,,INFEASIBLE_OR_UNBOUNDED
cnn1,translation,"1,1",0,3,344.88,1011.74,54.002731,54.540085,0.000000,0.000000,,rga0.0,,yes,no+zono+stdWarmstart,yes,yes,2.93x,,INFEASIBLE_OR_UNBOUNDED
cnn1,translation,"1,1",0,3,344.88,1019.58,54.002731,54.540085,0.000000,0.000000,,rga0.0,,yes,no+zono+boundN2xpComp+stdWarmstart,yes,no,2.96x,,INFEASIBLE_OR_UNBOUNDED
cnn1,translation,"1,1",0,3,344.88,1051.07,54.002731,54.540085,0.000000,0.000000,32,rga0.0,0,yes,no+zono+stdWarmstart,yes,no,3.05x,,INFEASIBLE_OR_UNBOUNDED
cnn1,translation,"1,1",0,3,344.88,1063.98,54.002731,54.540085,0.000000,0.000000,32,rga0.0,0,yes,no+zono+stdWarmstart,yes,no,3.09x,,INFEASIBLE_OR_UNBOUNDED
cnn1,translation,"1,1",0,3,344.88,1074.12,54.002731,54.540085,0.000000,0.000000,,rga0.0,,yes,no+zono+boundN2xpOut+boundN2xpComp+stdWarmstart,no,no,3.11x,,INFEASIBLE_OR_UNBOUNDED
cnn1,translation,"1,1",0,3,344.88,1095.22,54.002731,54.540085,0.000000,0.000000,,rga0.0,,yes,no+zono+boundN2xpComp+stdWarmstart,yes,no,3.18x,,INFEASIBLE_OR_UNBOUNDED
cnn1,translation,"1,1",0,3,344.88,1214.92,54.002731,54.540085,0.000000,0.000000,,rga0.0,,yes,no+zono+boundN2xpOut+boundN2xpComp+stdWarmstart,no,no,3.52x,,INFEASIBLE_OR_UNBOUNDED
cnn1,translation,"1,1",0,3,344.88,1800.04,54.002731,54.540085,0.000000,1.946228,,rga0.0,,yes,no+zono+stdWarmstart,yes,yes,5.22x,,TIME_LIMIT
,,,,,,,,,,,,,,,,,,,,
cnn1,translation,"1,1",1,3,298.04,635.29,74.359007,74.998281,0.000000,0.000000,32,rga0.0,0,yes,no_n2_xp_encoding+zono,no,no,2.13x,,INFEASIBLE_OR_UNBOUNDED
cnn1,translation,"1,1",1,3,298.04,1216.33,74.359007,74.998281,0.000000,0.000000,,rga0.0,,yes,no+zono+boundN2xpOut+boundN2xpComp+stdWarmstart,no,no,4.08x,,INFEASIBLE_OR_UNBOUNDED
cnn1,translation,"1,1",1,3,298.04,1231.82,74.359007,74.998281,0.000000,0.000000,,rga0.0,,yes,no+zono+boundN2xpComp+stdWarmstart,yes,no,4.13x,,INFEASIBLE_OR_UNBOUNDED
cnn1,translation,"1,1",1,3,298.04,1245.62,74.359007,74.998281,0.000000,0.000000,32,rga0.0,0,yes,no+zono+stdWarmstart,yes,no,4.18x,,INFEASIBLE_OR_UNBOUNDED
cnn1,translation,"1,1",1,3,298.04,1308.06,74.359007,74.998281,0.000000,0.000000,,rga0.0,,yes,no+zono+boundN2xpOut+boundN2xpComp+stdWarmstart,no,no,4.39x,,INFEASIBLE_OR_UNBOUNDED
cnn1,translation,"1,1",1,3,298.04,1390.02,74.359007,74.998281,0.000000,0.000000,,rga0.0,,yes,no+zono+boundN2xpComp+stdWarmstart,yes,no,4.66x,,INFEASIBLE_OR_UNBOUNDED
cnn1,translation,"1,1",1,3,298.04,1401.31,74.359007,74.998281,0.000000,0.000000,,rga0.0,,yes,no+zono+stdWarmstart,yes,yes,4.70x,,INFEASIBLE_OR_UNBOUNDED
cnn1,translation,"1,1",1,3,298.04,1800.04,74.359007,74.998281,0.000000,0.312975,32,rga0.0,0,yes,no+zono+stdWarmstart,yes,no,6.04x,,TIME_LIMIT
cnn1,translation,"1,1",1,3,298.04,1800.08,74.359007,74.998281,0.000000,0.111823,,rga0.0,,yes,no+zono+stdWarmstart,yes,yes,6.04x,,TIME_LIMIT
,,,,,,,,,,,,,,,,,,,,
cnn1,translation,"1,1",1,4,932.29,1202.61,74.070433,74.803754,0.000000,0.000000,32,rga0.0,0,yes,no+zono+stdWarmstart,yes,no,1.29x,,INFEASIBLE_OR_UNBOUNDED
cnn1,translation,"1,1",1,4,932.29,1231.10,74.070433,74.803754,0.000000,0.000000,,rga0.0,,yes,no+zono+stdWarmstart,yes,yes,1.32x,,INFEASIBLE_OR_UNBOUNDED
cnn1,translation,"1,1",1,4,932.29,1642.35,74.070433,74.803754,0.000000,0.000000,,rga0.0,,yes,no+zono+boundN2xpOut+boundN2xpComp+stdWarmstart,no,no,1.76x,,INFEASIBLE_OR_UNBOUNDED
cnn1,translation,"1,1",1,4,932.29,1800.02,74.070433,74.803754,0.000000,0.191975,32,rga0.0,0,yes,no_n2_xp_encoding+zono,no,no,1.93x,,TIME_LIMIT
cnn1,translation,"1,1",1,4,932.29,1800.04,74.070433,74.803754,0.000000,1.014125,32,rga0.0,0,yes,no+zono+stdWarmstart,yes,no,1.93x,,TIME_LIMIT
cnn1,translation,"1,1",1,4,932.29,1800.10,74.070433,74.803754,0.000000,-0.540040,,rga0.0,,yes,no+zono+stdWarmstart,yes,yes,1.93x,,TIME_LIMIT
cnn1,translation,"1,1",1,4,932.29,1800.05,74.070433,74.803754,0.000000,10.385749,,rga0.0,,yes,no+zono+boundN2xpComp+stdWarmstart,yes,no,1.93x,,TIME_LIMIT
cnn1,translation,"1,1",1,4,932.29,1800.08,74.070433,74.803754,0.000000,0.838814,,rga0.0,,yes,no+zono+boundN2xpComp+stdWarmstart,yes,no,1.93x,,TIME_LIMIT
cnn1,translation,"1,1",1,4,932.29,1800.03,74.070433,74.803754,0.000000,0.742753,,rga0.0,,yes,no+zono+boundN2xpOut+boundN2xpComp+stdWarmstart,no,no,1.93x,,TIME_LIMIT
,,,,,,,,,,,,,,,,,,,,
cnn1,translation,"1,1",1,5,226.98,1036.52,74.233966,74.959298,0.000000,0.000000,,rga0.0,,yes,no+zono+boundN2xpComp+stdWarmstart,yes,no,4.57x,,INFEASIBLE_OR_UNBOUNDED
cnn1,translation,"1,1",1,5,226.98,1039.04,74.233966,74.959298,0.000000,0.000000,32,rga0.0,0,yes,no+zono+stdWarmstart,yes,no,4.58x,,INFEASIBLE_OR_UNBOUNDED
cnn1,translation,"1,1",1,5,226.98,1180.35,74.233966,74.959298,0.000000,0.000000,32,rga0.0,0,yes,no+zono+stdWarmstart,yes,no,5.20x,,INFEASIBLE_OR_UNBOUNDED
cnn1,translation,"1,1",1,5,226.98,1233.19,74.233966,74.959298,0.000000,0.000000,,rga0.0,,yes,no+zono+stdWarmstart,yes,yes,5.43x,,INFEASIBLE_OR_UNBOUNDED
cnn1,translation,"1,1",1,5,226.98,1280.54,74.233966,74.959298,0.000000,0.000000,,rga0.0,,yes,no+zono+boundN2xpComp+stdWarmstart,yes,no,5.64x,,INFEASIBLE_OR_UNBOUNDED
cnn1,translation,"1,1",1,5,226.98,1800.05,74.233966,74.959298,0.000000,1.637342,,rga0.0,,yes,no+zono+stdWarmstart,yes,yes,7.93x,,TIME_LIMIT
cnn1,translation,"1,1",1,5,226.98,1800.02,74.233966,74.959298,0.000000,1.512038,,rga0.0,,yes,no+zono+boundN2xpOut+boundN2xpComp+stdWarmstart,no,no,7.93x,,TIME_LIMIT
cnn1,translation,"1,1",1,5,226.98,1800.06,74.233966,74.959298,0.000000,1.940563,,rga0.0,,yes,no+zono+boundN2xpOut+boundN2xpComp+stdWarmstart,no,no,7.93x,,TIME_LIMIT
,,,,,,,,,,,,,,,,,,,,
cnn1,translation,"1,3",0,3,251.33,993.16,54.251636,54.734867,0.000000,0.000000,,rga0.0,,yes,no+zono+boundN2xpComp+stdWarmstart,yes,no,3.95x,,INFEASIBLE_OR_UNBOUNDED
cnn1,translation,"1,3",0,3,251.33,1001.54,54.251636,54.734867,0.000000,0.000000,,rga0.0,,yes,no+zono+stdWarmstart,yes,yes,3.98x,,INFEASIBLE_OR_UNBOUNDED
cnn1,translation,"1,3",0,3,251.33,1008.51,54.251636,54.734867,0.000000,0.000000,32,rga0.0,0,yes,no+zono+stdWarmstart,yes,no,4.01x,,INFEASIBLE_OR_UNBOUNDED
cnn1,translation,"1,3",0,3,251.33,1017.64,54.251636,54.734867,0.000000,0.000000,32,rga0.0,0,yes,no+zono+stdWarmstart,yes,no,4.05x,,INFEASIBLE_OR_UNBOUNDED
cnn1,translation,"1,3",0,3,251.33,1059.83,54.251636,54.734867,0.000000,0.000000,,rga0.0,,yes,no+zono+boundN2xpOut+boundN2xpComp+stdWarmstart,no,no,4.22x,,INFEASIBLE_OR_UNBOUNDED
cnn1,translation,"1,3",0,3,251.33,1077.26,54.251636,54.734867,0.000000,0.000000,,rga0.0,,yes,no+zono+boundN2xpComp+stdWarmstart,yes,no,4.29x,,INFEASIBLE_OR_UNBOUNDED
cnn1,translation,"1,3",0,3,251.33,1800.04,54.251636,54.734867,0.000000,1.229079,,rga0.0,,yes,no+zono+boundN2xpOut+boundN2xpComp+stdWarmstart,no,no,7.16x,,TIME_LIMIT
,,,,,,,,,,,,,,,,,,,,
cnn1,translation,"1,3",0,5,270.72,1030.34,53.988235,54.441286,0.000000,0.000000,32,rga0.0,0,yes,no+zono+stdWarmstart,yes,no,3.81x,,INFEASIBLE_OR_UNBOUNDED
cnn1,translation,"1,3",0,5,270.72,1093.69,53.988235,54.441286,0.000000,0.000000,32,rga0.0,0,yes,no+zono+stdWarmstart,yes,no,4.04x,,INFEASIBLE_OR_UNBOUNDED
cnn1,translation,"1,3",0,5,270.72,1418.42,53.988235,54.441286,0.000000,0.000000,,rga0.0,,yes,no+zono+boundN2xpComp+stdWarmstart,yes,no,5.24x,,INFEASIBLE_OR_UNBOUNDED
cnn1,translation,"1,3",0,5,270.72,1800.03,53.988235,54.441286,0.000000,1.720133,,rga0.0,,yes,no+zono+stdWarmstart,yes,yes,6.65x,,TIME_LIMIT
cnn1,translation,"1,3",0,5,270.72,1800.04,53.988235,54.441286,0.000000,1.347446,,rga0.0,,yes,no+zono+boundN2xpComp+stdWarmstart,yes,no,6.65x,,TIME_LIMIT
cnn1,translation,"1,3",0,5,270.72,1800.08,53.988235,54.441286,0.000000,3.349505,,rga0.0,,yes,no+zono+boundN2xpOut+boundN2xpComp+stdWarmstart,no,no,6.65x,,TIME_LIMIT
cnn1,translation,"1,3",0,5,270.72,1800.03,53.988235,54.441286,0.000000,2.478109,,rga0.0,,yes,no+zono+boundN2xpOut+boundN2xpComp+stdWarmstart,no,no,6.65x,,TIME_LIMIT
,,,,,,,,,,,,,,,,,,,,
cnn1,translation,"1,3",1,4,384.34,1431.80,74.205045,74.945871,0.000000,0.000000,,rga0.0,,yes,no+zono+boundN2xpComp+stdWarmstart,yes,no,3.73x,,INFEASIBLE_OR_UNBOUNDED
cnn1,translation,"1,3",1,4,384.34,1800.04,74.205045,74.945871,0.000000,1.685086,32,rga0.0,0,yes,no+zono+stdWarmstart,yes,no,4.68x,,TIME_LIMIT
cnn1,translation,"1,3",1,4,384.34,1800.03,74.205045,74.945871,0.000000,-0.508623,32,rga0.0,0,yes,no+zono+stdWarmstart,yes,no,4.68x,,TIME_LIMIT
cnn1,translation,"1,3",1,4,384.34,1800.03,74.205045,74.945871,0.000000,1.299496,,rga0.0,,yes,no+zono+stdWarmstart,yes,yes,4.68x,,TIME_LIMIT
cnn1,translation,"1,3",1,4,384.34,1800.05,74.205045,74.945871,0.000000,1.632403,,rga0.0,,yes,no+zono+boundN2xpComp+stdWarmstart,yes,no,4.68x,,TIME_LIMIT
cnn1,translation,"1,3",1,4,384.34,1800.03,74.205045,74.945871,0.000000,1.493807,,rga0.0,,yes,no+zono+boundN2xpOut+boundN2xpComp+stdWarmstart,no,no,4.68x,,TIME_LIMIT
cnn1,translation,"1,3",1,4,384.34,1800.05,74.205045,74.945871,0.000000,3.410341,,rga0.0,,yes,no+zono+boundN2xpOut+boundN2xpComp+stdWarmstart,no,no,4.68x,,TIME_LIMIT
,,,,,,,,,,,,,,,,,,,,
cnn1,translation,"3,1",0,3,458.41,468.91,53.889233,54.343174,0.000000,0.000000,,rga0.0,,yes,no+zono+boundN2xpOut+boundN2xpComp+stdWarmstart,no,no,1.02x,,INFEASIBLE_OR_UNBOUNDED
cnn1,translation,"3,1",0,3,458.41,719.88,53.889233,54.343174,0.000000,0.000000,32,rga0.0,0,yes,no+zono+stdWarmstart,yes,no,1.57x,,INFEASIBLE_OR_UNBOUNDED
cnn1,translation,"3,1",0,3,458.41,738.57,53.889233,54.343174,0.000000,0.000000,,rga0.0,,yes,no+zono+stdWarmstart,yes,yes,1.61x,,INFEASIBLE_OR_UNBOUNDED
cnn1,translation,"3,1",0,3,458.41,736.80,53.889233,54.343174,0.000000,0.000000,,rga0.0,,yes,no+zono+boundN2xpComp+stdWarmstart,yes,no,1.61x,,INFEASIBLE_OR_UNBOUNDED
cnn1,translation,"3,1",0,3,458.41,768.73,53.889233,54.343174,0.000000,0.000000,32,rga0.0,0,yes,no+zono+stdWarmstart,yes,no,1.68x,,INFEASIBLE_OR_UNBOUNDED
cnn1,translation,"3,1",0,3,458.41,769.14,53.889233,54.343174,0.000000,0.000000,,rga0.0,,yes,no+zono+boundN2xpOut+boundN2xpComp+stdWarmstart,no,no,1.68x,,INFEASIBLE_OR_UNBOUNDED
cnn1,translation,"3,1",0,3,458.41,1291.77,53.889233,54.343174,0.000000,0.000000,,rga0.0,,yes,no+zono+boundN2xpComp+stdWarmstart,yes,no,2.82x,,INFEASIBLE_OR_UNBOUNDED
,,,,,,,,,,,,,,,,,,,,
cnn1,translation,"3,1",1,3,285.99,1800.02,74.697148,74.959298,0.000000,-0.972723,32,rga0.0,0,yes,no+zono+stdWarmstart,yes,no,6.29x,,TIME_LIMIT
cnn1,translation,"3,1",1,3,285.99,1800.03,74.697148,74.959298,0.000000,2.361941,32,rga0.0,0,yes,no+zono+stdWarmstart,yes,no,6.29x,,TIME_LIMIT
cnn1,translation,"3,1",1,3,285.99,1800.04,74.697148,74.959298,0.000000,-0.585074,,rga0.0,,yes,no+zono+stdWarmstart,yes,yes,6.29x,,TIME_LIMIT
cnn1,translation,"3,1",1,3,285.99,1800.06,74.697148,74.959298,0.000000,-0.130193,,rga0.0,,yes,no+zono+boundN2xpComp+stdWarmstart,yes,no,6.29x,,TIME_LIMIT
cnn1,translation,"3,1",1,3,285.99,1800.05,74.697148,74.959298,0.000000,-0.442889,,rga0.0,,yes,no+zono+boundN2xpComp+stdWarmstart,yes,no,6.29x,,TIME_LIMIT
cnn1,translation,"3,1",1,3,285.99,1800.09,74.697148,74.959298,0.000000,-0.981021,,rga0.0,,yes,no+zono+boundN2xpOut+boundN2xpComp+stdWarmstart,no,no,6.29x,,TIME_LIMIT
cnn1,translation,"3,1",1,3,285.99,1800.02,74.697148,74.959298,0.000000,-0.250832,,rga0.0,,yes,no+zono+boundN2xpOut+boundN2xpComp+stdWarmstart,no,no,6.29x,,TIME_LIMIT
,,,,,,,,,,,,,,,,,,,,
cnn1,translation,"3,1",1,4,111.60,1374.71,74.425164,75.164951,0.000000,0.000000,,rga0.0,,yes,no+zono+boundN2xpComp+stdWarmstart,yes,no,12.32x,,INFEASIBLE_OR_UNBOUNDED
cnn1,translation,"3,1",1,4,111.60,1800.03,74.425164,75.164951,0.000000,0.435140,32,rga0.0,0,yes,no+zono+stdWarmstart,yes,no,16.13x,,TIME_LIMIT
cnn1,translation,"3,1",1,4,111.60,1800.02,74.425164,75.164951,0.000000,0.659869,32,rga0.0,0,yes,no+zono+stdWarmstart,yes,no,16.13x,,TIME_LIMIT
cnn1,translation,"3,1",1,4,111.60,1800.04,74.425164,75.164951,0.000000,1.773905,,rga0.0,,yes,no+zono+stdWarmstart,yes,yes,16.13x,,TIME_LIMIT
cnn1,translation,"3,1",1,4,111.60,1800.05,74.425164,75.164951,0.000000,0.277488,,rga0.0,,yes,no+zono+boundN2xpComp+stdWarmstart,yes,no,16.13x,,TIME_LIMIT
cnn1,translation,"3,1",1,4,111.60,1800.03,74.425164,75.164951,0.000000,2.164145,,rga0.0,,yes,no+zono+boundN2xpOut+boundN2xpComp+stdWarmstart,no,no,16.13x,,TIME_LIMIT
cnn1,translation,"3,1",1,4,111.60,1800.04,74.425164,75.164951,0.000000,1.448833,,rga0.0,,yes,no+zono+boundN2xpOut+boundN2xpComp+stdWarmstart,no,no,16.13x,,TIME_LIMIT
,,,,,,,,,,,,,,,,,,,,
cnn1,translation,"3,1",1,5,501.62,1346.41,74.946158,74.993318,0.000000,0.000000,32,rga0.0,0,yes,no+zono+stdWarmstart,yes,no,2.68x,,INFEASIBLE_OR_UNBOUNDED
cnn1,translation,"3,1",1,5,501.62,1372.97,74.946158,74.993318,0.000000,0.000000,,rga0.0,,yes,no+zono+boundN2xpOut+boundN2xpComp+stdWarmstart,no,no,2.74x,,INFEASIBLE_OR_UNBOUNDED
cnn1,translation,"3,1",1,5,501.62,1593.76,74.946158,74.993318,0.000000,0.000000,,rga0.0,,yes,no+zono+stdWarmstart,yes,yes,3.18x,,INFEASIBLE_OR_UNBOUNDED
cnn1,translation,"3,1",1,5,501.62,1800.03,74.946158,74.993318,0.000000,2.008437,32,rga0.0,0,yes,no+zono+stdWarmstart,yes,no,3.59x,,TIME_LIMIT
cnn1,translation,"3,1",1,5,501.62,1800.04,74.946158,74.993318,0.000000,1.611298,,rga0.0,,yes,no+zono+boundN2xpComp+stdWarmstart,yes,no,3.59x,,TIME_LIMIT
cnn1,translation,"3,1",1,5,501.62,1800.05,74.946158,74.993318,0.000000,1.911599,,rga0.0,,yes,no+zono+boundN2xpComp+stdWarmstart,yes,no,3.59x,,TIME_LIMIT
cnn1,translation,"3,1",1,5,501.62,1800.07,74.946158,74.993318,0.000000,2.286799,,rga0.0,,yes,no+zono+boundN2xpOut+boundN2xpComp+stdWarmstart,no,no,3.59x,,TIME_LIMIT
,,,,,,,,,,,,,,,,,,,,
cnn1,translation,"3,3",0,3,800.69,933.75,53.838480,54.349677,0.000000,0.000000,,rga0.0,,yes,no+zono+boundN2xpOut+boundN2xpComp+stdWarmstart,no,no,1.17x,,INFEASIBLE_OR_UNBOUNDED
cnn1,translation,"3,3",0,3,800.69,942.82,53.838480,54.349677,0.000000,0.000000,,rga0.0,,yes,no+zono+boundN2xpComp+stdWarmstart,yes,no,1.18x,,INFEASIBLE_OR_UNBOUNDED
cnn1,translation,"3,3",0,3,800.69,949.12,53.838480,54.349677,0.000000,0.000000,,rga0.0,,yes,no+zono+boundN2xpOut+boundN2xpComp+stdWarmstart,no,no,1.19x,,INFEASIBLE_OR_UNBOUNDED
cnn1,translation,"3,3",0,3,800.69,971.92,53.838480,54.349677,0.000000,0.000000,32,rga0.0,0,yes,no+zono+stdWarmstart,yes,no,1.21x,,INFEASIBLE_OR_UNBOUNDED
cnn1,translation,"3,3",0,3,800.69,1086.65,53.838480,54.349677,0.000000,0.000000,32,rga0.0,0,yes,no+zono+stdWarmstart,yes,no,1.36x,,INFEASIBLE_OR_UNBOUNDED
cnn1,translation,"3,3",0,3,800.69,1210.72,53.838480,54.349677,0.000000,0.000000,,rga0.0,,yes,no+zono+stdWarmstart,yes,yes,1.51x,,INFEASIBLE_OR_UNBOUNDED
cnn1,translation,"3,3",0,3,800.69,1236.85,53.838480,54.349677,0.000000,0.000000,,rga0.0,,yes,no+zono+boundN2xpComp+stdWarmstart,yes,no,1.54x,,INFEASIBLE_OR_UNBOUNDED
cnn1,translation,"3,3",0,3,800.69,1269.70,53.838480,54.349677,0.000000,0.000000,,rga0.0,,yes,no+zono+stdWarmstart,yes,yes,1.59x,,INFEASIBLE_OR_UNBOUNDED
,,,,,,,,,,,,,,,,,,,,
cnn1,translation,"3,3",0,5,682.97,787.93,53.813441,54.346949,0.000000,0.000000,32,rga0.0,0,yes,no+zono+stdWarmstart,yes,no,1.15x,,INFEASIBLE_OR_UNBOUNDED
cnn1,translation,"3,3",0,5,682.97,788.58,53.813441,54.346949,0.000000,0.000000,,rga0.0,,yes,no+zono+boundN2xpComp+stdWarmstart,yes,no,1.15x,,INFEASIBLE_OR_UNBOUNDED
cnn1,translation,"3,3",0,5,682.97,820.75,53.813441,54.346949,0.000000,0.000000,,rga0.0,,yes,no+zono+stdWarmstart,yes,yes,1.20x,,INFEASIBLE_OR_UNBOUNDED
cnn1,translation,"3,3",0,5,682.97,820.21,53.813441,54.346949,0.000000,0.000000,,rga0.0,,yes,no+zono+stdWarmstart,yes,yes,1.20x,,INFEASIBLE_OR_UNBOUNDED
cnn1,translation,"3,3",0,5,682.97,823.72,53.813441,54.346949,0.000000,0.000000,,rga0.0,,yes,no+zono+boundN2xpComp+stdWarmstart,yes,no,1.21x,,INFEASIBLE_OR_UNBOUNDED
cnn1,translation,"3,3",0,5,682.97,1107.34,53.813441,54.346949,0.000000,0.000000,,rga0.0,,yes,no+zono+boundN2xpOut+boundN2xpComp+stdWarmstart,no,no,1.62x,,INFEASIBLE_OR_UNBOUNDED
