label,websocket,wasm,hash_function,webworkers,messageloop_load,postmessage_load,parallel_functions
1,1,1,1,38,15217982,466438478,1
1,1,0,0,31,18961382,848394958,1
1,1,0,1,28,27971718,38516200,1
1,1,0,0,24,29263793,85948503,1
1,1,1,1,23,17049616,36430,1
1,1,1,1,21,6884528,5227060,1
1,1,0,1,18,36485836,295526920,1
1,1,1,1,18,23138375,485395840,0
1,1,0,0,17,14250858,45334535,1
1,1,1,0,17,11737156,66645355,1
1,1,1,1,17,13220195,5491620,0
1,1,0,0,17,18427083,55545633,1
1,1,0,1,17,21587951,164452550,1
1,1,0,0,17,21659386,76497494,1
1,1,1,1,17,25079736,324560,1
1,1,1,1,17,15443756,8948944,1
1,1,1,0,17,11961238,889489,1
1,1,1,0,17,15909498,938498,1
1,1,1,1,17,17896689,84897933,1
1,1,1,0,17,20065764,8938944,1
1,1,1,1,17,18437311,164856280,0
1,1,1,0,17,19475982,100639660,1
1,1,1,0,17,18645140,37479873,1
1,1,1,0,17,14208088,4355322,1
1,1,1,1,17,20265824,123812020,1
1,1,1,0,17,19923335,93654580,1
1,1,0,1,17,22972335,49938440,1
1,1,1,1,17,103005304,885336980,1
1,1,0,1,17,97215654,933355250,1
1,1,0,1,17,35574898,765787456,1
1,1,0,1,17,87825369,844890350,1
1,1,0,0,17,10276830,666756,1
1,1,0,0,17,18868983,75456477,0
1,1,1,0,17,21183868,7675456,1
1,1,1,1,17,21923689,6543234,1
1,1,1,1,17,71392674,661073000,1
1,1,0,1,17,13204847,95795040,1
1,1,0,0,17,19017589,32204070,1
1,1,0,1,17,10494673,68006430,1
1,1,0,1,17,14157851,57181510,1
1,1,0,1,17,19917547,67241360,1
1,1,0,1,17,74033771,8887656,1
1,1,1,0,17,3758524,4565456,1
1,1,0,1,17,10472959,67564,1
1,1,1,1,17,10997506,69216120,1
1,1,0,1,17,55956064,547936290,1
1,1,1,0,17,13548306,93560590,0
1,1,1,1,17,13269779,77104950,1
1,1,1,0,17,20057954,9854566,1
1,1,1,0,17,13366281,53480,1
1,1,1,0,17,29000476,6655745,1
1,1,0,0,17,15583400,42110,1
1,1,0,0,17,18202774,6644554,1
1,1,0,1,17,18644993,46367640,1
1,1,1,0,17,36995052,411400,1
1,1,0,1,17,53253746,521130220,1
1,1,0,1,17,33791252,5546745,0
1,1,0,1,17,39879284,66300070,0
1,1,0,1,17,28386551,44461470,0
1,1,0,1,17,14214722,5555830,1
1,1,1,0,17,11441389,859445,1
1,1,1,1,17,13495463,34364,1
1,1,1,1,17,29273081,87780,1
1,1,1,1,17,24788030,1829320,0
1,1,1,1,17,25698443,2337100,1
1,1,1,0,17,10385393,64673436,1
1,1,0,1,17,20518949,35627570,1
1,1,1,1,14,35267389,33275110,1
1,1,0,1,14,26532552,41253870,1
1,1,0,1,14,34715070,315733540,1
1,1,0,1,14,37090623,334797510,1
1,1,0,0,14,11492274,5484930,1
1,1,1,1,14,17617793,337990590,1
1,1,0,1,14,15707857,38409590,1
1,1,0,1,14,16770889,350758610,1
1,1,0,1,14,14997869,111912290,1
1,1,1,1,14,27536858,62730430,1
1,1,0,1,14,15234360,31970130,1
1,1,0,0,14,26567137,66445465,1
1,1,0,1,14,37806419,337467050,1
1,1,0,1,14,57074548,25336630,0
1,1,0,1,14,37504936,54533343,0
1,1,0,1,14,22100088,55564564,0
1,1,0,1,14,17030909,556453,0
1,1,0,1,14,13656254,645454,0
1,1,0,1,14,15477838,5675930,0
1,1,0,1,14,11704170,1760,1
1,1,0,1,14,12348134,5454644,0
1,1,0,1,14,11722825,44710,1
1,1,0,1,14,10820349,66455,0
1,1,0,1,14,11806841,5454743,0
1,1,0,1,14,13054383,34343553,0
1,1,1,1,14,11294902,64490,0
1,1,1,1,14,14798300,6674533,0
1,1,1,1,14,8257036,2093050,0
1,1,1,0,14,3337672,67360,1
1,1,1,0,14,1465589,6645333,0
1,1,1,0,14,11920596,129470,0
1,1,1,0,14,20721506,47830,0
1,1,0,1,14,10023494,6383170,0
1,1,0,1,14,7549320,7989579,0
1,1,1,1,14,12783459,1516520,1
1,1,1,0,14,8002435,77849696,0
1,1,0,1,14,173992019,105697720,0
1,1,0,1,14,73252252,20679980,0
1,1,1,1,14,19734477,168887360,0
1,1,1,1,14,4156902,16013130,0
1,1,1,1,14,7996966,16020060,1
1,1,1,1,14,16505041,158682850,1
1,1,1,0,14,25478331,553135,1
1,1,1,1,14,25563536,23784950,1
1,1,1,1,14,19793811,14788150,0
1,1,1,0,14,31682801,1343156,0
1,1,1,0,14,26062884,798110,0
1,1,1,1,14,13982230,4766480,0
1,1,1,0,14,15300253,9534510,1
1,1,1,1,14,19434267,61304880,0
1,1,0,0,14,15587015,63543146,0
1,1,0,1,14,23050061,16950980,0
1,1,1,1,14,20740286,8090810,0
1,1,1,0,14,12325386,47200,0
1,1,1,1,14,20237518,6531156,0
1,1,1,0,14,27248217,13550,0
1,1,1,1,14,12778357,651344,1
1,1,1,0,14,15356265,5426642,0
1,1,0,1,14,23038776,932050,0
1,1,1,1,14,12072118,648700,0
1,1,0,1,14,18302873,524522,0
1,1,1,1,14,17322826,5245621,0
1,1,1,1,14,18528361,50390,0
1,1,1,0,14,22260201,1452562,1
1,1,1,1,14,25867202,153930,0
1,1,1,1,14,15448704,605990,0
1,1,1,0,14,14363397,1442260,0
1,1,1,0,14,15884063,6425624,0
1,1,0,1,14,19141036,9180,1
1,1,0,1,14,13573703,6452624,0
1,1,0,1,14,13643947,542562,0
1,1,1,0,14,15291198,2456246,0
1,1,1,0,14,16215192,65426244,0
1,1,1,0,14,19067604,5642624,0
1,1,1,1,14,13311663,56665245,0
1,1,1,1,14,19058924,445050,0
1,1,0,1,14,16204579,1552300,0
1,1,0,1,14,12328712,52462,0
1,1,0,1,14,12623649,5256662,0
1,1,1,0,14,13950052,1845120,1
1,1,1,1,14,17314309,6245622,0
1,1,1,1,14,17883489,6546542,0
1,1,0,0,14,14725947,12390,0
1,1,0,1,14,14230779,24425642,0
1,1,1,1,14,12120418,53170,0
1,1,1,0,14,17610570,452452456,0
1,1,0,1,14,19221917,1027920,0
1,1,1,1,14,13938791,2823750,0
1,1,0,1,14,15034637,52456222,1
1,1,0,1,14,8520821,2562480,0
1,1,0,1,14,5955570,54256222,0
1,1,1,0,14,8512486,424562,0
1,1,1,1,14,483568,2037360,0
1,1,1,0,14,4942170,24562454,0
1,1,1,0,14,10273203,995960,1
1,1,0,0,14,5788535,56245255,1
1,1,0,1,14,3483013,566654224,1
1,1,0,0,14,8051023,770170,1
1,1,0,1,14,3987820,1228840,0
1,1,1,1,14,9260233,54566442,0
1,1,1,0,14,4575164,456422,0
1,1,1,1,14,7926249,10920,0
1,1,1,1,14,16144707,907340,1
1,1,1,1,14,13911306,978785,1
1,1,1,0,14,12088225,8758999,1
1,1,0,1,14,3389923,878957,1
1,1,1,1,14,10392124,9467864,0
1,1,1,1,12,3668503,4887646,1
1,1,0,1,12,6125663,1295520,0
1,1,0,0,12,19055550,46789679,1
1,1,1,1,12,15984964,10124830,0
1,1,1,0,12,12803441,97646786,0
1,1,1,0,12,8620626,9764677,1
1,1,1,1,12,15446773,1106760,1
1,1,1,0,12,15835607,9764367,0
1,1,1,0,12,9612778,1569250,1
1,1,1,1,12,11064676,97644677,1
1,1,1,0,12,19051470,1234510,1
1,1,1,0,12,9514400,97643377,1
1,1,1,1,12,11875176,2938930,1
1,1,1,0,12,10565662,97636797,0
1,1,1,1,12,6036174,1189270,1
1,1,1,1,12,11670492,97643678,0
1,1,1,1,12,6137004,9764567,0
1,1,1,1,12,15933120,76788748,1
1,1,1,1,12,10904673,8879468,1
1,1,1,1,12,16408251,7784636,1
1,1,1,1,12,7387154,2132770,0
1,1,0,1,12,17556447,926830,1
1,1,0,0,12,14875310,11315930,1
1,1,0,1,12,19152578,7674,1
1,1,0,1,12,11031045,49720,1
1,1,0,1,12,13633508,2107400,0
1,1,1,1,12,16595235,1060,1
1,1,0,0,12,13699291,826130,1
1,1,1,1,12,11630237,563584,1
1,1,1,1,12,14230643,478478,1
1,1,1,1,12,16906278,566375,0
1,1,1,1,12,10266057,788740,0
1,1,1,0,12,14480472,5468468,0
1,1,1,0,12,13463270,8784793,1
1,1,0,1,12,18295962,667467,1
1,1,0,1,12,13945910,452456,1
1,1,0,1,12,11231844,73684,0
1,1,1,1,12,22099273,4534634,1
1,1,1,1,12,10628540,673664,1
1,1,0,1,12,19050520,564684,1
1,1,1,1,12,23898022,778749,1
1,1,0,1,12,15536948,57190,1
1,1,1,1,12,17335252,842240,1
1,1,1,1,12,11670634,787487,1
1,1,1,1,12,11313862,78444,1
1,1,1,1,12,10340940,97498,1
1,1,1,1,12,12246215,89479,1
1,1,1,1,12,12490300,84439,1
1,1,1,1,12,16140278,380580,1
1,1,1,1,12,9145700,54564,1
1,1,1,1,12,16932082,2090,0
1,1,1,0,12,23866473,10780,0
1,1,1,0,12,14245488,2880,1
1,1,1,1,12,16872351,35246,1
1,1,1,1,12,22213507,65373,1
1,1,1,1,12,15628588,67468,1
1,1,1,1,12,19977480,448897,1
1,1,1,1,12,16710957,5367940,1
1,1,1,0,12,18239331,235840,1
1,1,1,0,12,20206890,65388,1
1,1,1,0,12,19217199,1450230,1
1,1,1,1,12,17954590,558639,1
1,1,1,0,12,19563786,798374,1
1,1,1,1,12,26980262,869637,1
1,1,1,1,12,11755211,7784693,0
1,1,1,0,12,13730348,786403,1
1,1,1,1,12,16131404,2122890,1
1,1,0,0,12,19815306,447747,0
1,1,0,1,12,22191774,7984730,0
1,1,0,1,12,12871123,677840,0
1,1,0,1,12,9884485,31174220,1
1,1,0,1,12,10507951,561140,1
1,1,0,0,12,13215311,990938,1
1,1,0,1,12,15541620,37930,0
1,1,0,0,12,11225808,263960,0
1,1,1,0,12,14303329,678893,0
1,1,1,0,12,20577582,98933,1
1,1,1,0,12,15651295,894434,1
1,1,1,0,12,13741924,1952160,1
1,1,1,0,12,13570838,388479,1
1,1,1,0,12,10449730,308984,1
1,1,1,0,12,31630411,88943,1
1,1,1,0,12,9253579,103170,1
1,1,1,0,12,18083973,1134350,1
1,1,1,0,12,20718938,976460,1
1,1,1,0,12,12860180,299380,1
1,1,1,0,12,14503570,94899,1
1,1,1,0,12,11631870,78598,1
1,1,1,0,12,26829890,3630,0
1,1,0,0,12,12602510,44889,1
1,1,0,0,12,12413180,937844,0
1,1,0,0,12,17948083,566648,0
1,1,1,0,12,13102645,55600,0
1,1,1,0,12,15107903,15970,1
1,1,1,1,12,18012889,556573,0
1,1,1,1,12,16304019,784793,0
1,1,1,1,12,17732576,8843,0
1,1,1,1,12,11716925,78783,1
1,1,1,1,12,11387920,890443,1
1,1,1,1,12,17434386,887404,1
1,1,1,1,12,12332440,757630,1
1,1,1,0,12,8611443,187880,1
1,1,1,1,12,13920880,2334673,1
1,1,1,0,12,10033828,4217720,1
1,1,1,1,12,13108570,889343,0
1,1,1,0,12,18591881,1117720,0
1,1,1,1,12,18151960,898384,0
1,1,1,0,12,14417189,7748733,0
1,1,1,0,12,11746426,564893,1
1,1,1,1,12,17366940,8873004,1
1,1,1,1,12,13287471,778340,1
1,1,1,0,12,15614822,454780,0
1,1,1,0,12,12719359,56546,1
1,1,1,1,12,19481673,79934,1
1,1,1,1,12,17293062,8984,1
1,1,1,1,12,18907449,446388,1
1,1,1,1,12,9676948,88945,1
1,1,1,0,10,16779610,1148750,1
1,1,1,1,10,16264839,219690,1
1,1,1,0,10,18734146,4730,1
1,1,1,1,10,17303033,2147910,1
1,1,1,0,10,13665791,20778740,1
1,1,1,0,10,29647232,749730,1
1,1,1,0,10,13892495,50630,1
1,1,1,0,10,17014472,899034,1
1,1,1,0,10,17257881,217050,1
1,1,1,0,10,19780490,7784980,1
1,1,1,1,10,15509602,547993,1
1,1,1,1,10,16177068,16890530,1
1,1,1,0,10,14038867,907748,1
1,1,1,0,10,12841959,94370,0
1,1,1,1,10,17570812,204500,0
1,1,1,1,10,10739780,77894,0
1,1,1,1,10,11746111,725750,1
1,1,1,1,10,8886140,799394,1
1,1,1,1,10,16743869,5648933,1
1,1,1,0,10,14864116,4015920,1
1,1,1,1,10,9774716,198460,1
1,1,1,1,10,12244550,6638944,1
1,1,1,0,10,17474950,679004,1
1,1,1,0,10,12641545,78749,1
1,1,1,0,10,9141306,1627466,1
1,1,0,0,10,8647785,735590,1
1,1,1,0,10,7950118,1663782,1
1,1,1,0,10,8178962,817709,1
1,1,1,0,10,8571096,120170,1
1,1,1,0,10,8683826,14677,1
1,1,1,0,10,8450959,1677839,1
1,1,1,0,10,8539977,178788,1
1,1,0,0,10,9027781,1388799,1
1,1,0,0,10,9588052,130987,0
1,1,0,0,10,9740328,869160,0
1,1,0,0,10,10045997,1387888,1
1,1,1,0,10,11846130,43635,1
1,1,1,0,10,16813560,673784,1
1,1,1,0,10,12477142,76847,1
1,1,1,0,10,10627581,766387,1
1,1,1,0,10,13036640,765493,1
1,1,1,0,10,11133483,73342,1
1,1,1,0,10,926055,4325776,0
1,1,1,0,10,11988620,11090,1
1,1,1,0,10,23742308,7653554,1
1,1,1,0,10,8053779,554466,1
1,1,1,0,10,7441015,292360,1
1,1,1,0,10,8411325,1210,1
1,1,1,0,10,7040311,3530,1
1,1,1,0,10,26896874,66542,1
1,1,1,0,10,15016042,338540,1
1,1,1,0,10,6295938,1795310,1
1,1,1,0,10,8914979,107960,1
1,1,1,0,10,8461136,2040,1
1,1,1,0,10,7208595,264555,1
1,1,1,0,10,14307520,43920,1
1,1,1,0,10,4660690,1530,1
1,1,1,0,10,14343654,881950,1
1,1,1,0,10,1583321,256654,0
1,1,1,0,10,8890512,545774,0
1,1,1,0,10,8124437,398760,0
1,1,1,0,10,12618502,55472,0
1,1,1,0,10,7310598,13980,1
1,1,1,0,10,15788157,453663,1
1,1,1,0,10,7575404,754463,1
1,1,1,0,10,7334811,4543316,1
1,1,1,0,10,7370888,6637544,1
1,1,1,0,10,8133479,735960,1
1,1,1,0,10,19059503,7554224,1
1,1,1,1,10,6059372,812270,1
1,1,1,1,10,8485145,755446,1
1,1,1,0,10,18025483,64645,1
1,1,1,1,10,9725184,456662,1
1,1,1,1,10,9373225,45645,1
1,1,1,0,10,15460815,5677652,1
1,1,1,0,10,8544495,432520,0
1,1,1,0,10,6907608,6547245,1
1,1,1,0,10,8429748,574744,0
1,1,1,0,10,28351740,454567,1
1,1,1,0,10,6547584,74575,1
1,1,1,0,10,5986978,1375030,1
1,1,1,0,10,16424236,66763,1
1,1,1,0,10,13761647,775835,1
1,1,1,0,10,6841754,799973,1
1,1,1,0,10,4576726,75393,1
1,1,0,0,10,4206749,145346,1
1,1,0,0,10,9286912,3582840,1
1,1,0,0,10,7942527,773769,1
1,1,1,0,10,12455595,66536427,1
1,1,1,0,10,4248271,763802,1
1,1,1,0,10,9165291,768639,1
1,1,1,0,10,4657451,608910,1
1,1,1,0,10,7172910,77399,1
1,1,1,0,10,23182502,580710,1
1,1,1,0,10,8414364,65652,0
1,1,0,0,10,11797246,763072,0
1,1,1,0,10,8665983,786302,0
1,1,1,0,10,7707610,321060,1
1,1,1,0,10,8325468,507630,1
1,1,1,0,10,5305416,94456951,1
1,1,1,0,10,7599463,146070105,1
1,1,1,1,10,8793083,124775848,1
1,1,1,0,10,6769739,138106585,1
1,1,1,0,10,9808087,52552656,1
1,1,1,0,10,5797083,24899996,1
1,1,0,1,10,9883798,30246847,1
1,1,0,1,10,8046392,123279935,1
1,1,0,1,10,5909639,97012685,1
1,1,0,1,10,6115711,41904828,1
1,1,1,0,10,5568662,41631706,1
1,1,1,0,10,5568690,2546124,1
1,1,1,0,10,5068662,61843096,0
1,1,1,1,10,8132688,2947386,0
1,1,1,1,10,7646240,3243197,0
1,1,0,1,10,7096240,63040716,0
1,1,0,1,10,7436240,57375264,1
1,1,0,1,10,11021684,66331313,1
1,1,1,0,10,6274427,88256715,1
1,1,1,1,10,5455115,88884930,1
1,1,1,1,10,4305817,38603431,1
1,1,1,1,10,4005417,40118644,1
1,1,1,0,10,10541913,112228481,1
1,1,0,1,10,4839984,28032636,1
1,1,0,1,10,16695959,80694601,1
1,1,1,0,10,7759384,76894597,0
1,1,1,0,10,9583700,121574118,1
1,1,1,0,10,6583700,82447627,1
1,1,1,0,10,5583760,126764123,0
1,1,1,0,10,7958700,129440767,0
1,1,1,0,10,5383760,128975285,0
1,1,1,0,10,6840609,128646094,1
1,1,1,0,10,5665446,32876304,1
1,1,1,0,10,4165243,63230064,1
1,1,0,1,10,6754566,96657767,1
1,1,0,1,10,6152561,126575697,1
1,1,0,1,10,3724562,25064531,1
1,1,0,1,10,4753566,4827530,1
1,1,1,1,10,7372401,36928621,1
1,1,1,1,10,4239914,60957885,1
1,1,1,0,10,5239004,113968962,1
1,1,1,0,10,4230914,12170949,1
1,1,1,0,10,4019210,140273184,1
1,1,1,0,10,4239912,123594221,1
1,1,1,0,10,2198621,23462393,1
1,1,1,0,10,5108611,71313437,1
1,1,1,0,10,4198626,96694484,0
1,1,1,0,10,7147463,26730140,0
1,1,1,0,10,4211775,107376073,0
1,1,1,0,10,7220490,21537446,0
1,1,1,0,10,7100092,96828261,1
1,1,1,0,10,5220322,91381134,0
1,1,1,0,10,6520032,23147225,0
1,1,1,0,10,11541173,19795442,0
1,1,1,0,10,7684973,8686076,0
1,1,1,0,10,4883418,57556699,1
1,1,1,0,10,5437648,8888711,0
1,1,1,0,10,9623525,137197226,1
1,1,1,1,10,8565102,120667136,1
1,1,0,1,10,1281678,140566260,1
1,1,0,1,10,4566040,71028785,1
1,1,0,1,10,15365415,131747225,1
1,1,0,1,10,7136402,14736241,1
1,1,0,1,10,7974307,75059200,1
1,1,0,0,10,4999629,72285030,1
1,1,0,0,10,11348606,12737227,1
1,1,1,0,10,10997964,103390869,0
1,1,1,0,10,6377264,144137552,0
1,1,1,1,10,10443059,96321631,0
1,1,1,1,10,8271919,26120958,0
1,1,1,1,10,4563894,55234775,0
1,1,1,0,10,9894847,115785256,0
1,1,1,0,10,6756483,108992687,0
1,1,1,0,10,5648579,144836554,1
1,1,1,0,10,26700526,24638512,1
1,1,1,0,10,8795794,89981819,1
1,1,1,0,10,8784594,101596942,1
1,1,1,0,10,5495859,74401312,1
1,1,1,0,10,4742640,44099158,0
1,1,1,0,10,3476918,39211089,0
1,1,1,0,10,4498484,121060301,0
1,1,1,0,10,6574839,6180346,1
1,1,1,0,10,5494328,117512147,1
1,1,1,0,10,5685794,85637306,1
1,1,1,0,10,8901972,39422634,1
1,1,1,0,10,6254131,15526609,1
1,1,1,0,10,6574748,97637310,1
1,1,0,1,10,7859488,132000900,1
1,1,0,0,10,5643284,120434008,1
1,1,0,0,10,4364758,47504412,1
1,1,1,0,10,4364586,70579524,1
1,1,1,0,10,27095360,50285490,1
1,1,1,0,10,4104349,112462886,1
1,1,1,0,10,7547084,70141950,1
1,1,1,0,10,6756493,31110982,1
1,1,1,0,10,6579294,89425397,1
1,1,1,0,10,32706725,111285236,1
1,1,1,0,8,1018265,24110540,1
1,1,1,0,10,5133551,53137850,1
1,1,1,0,10,3475479,47759385,1
1,1,1,0,10,5483948,66658180,0
1,1,1,0,10,4593894,41399131,0
1,1,1,0,10,6336149,119558347,0
1,1,0,0,10,5568786,65591751,1
1,1,0,0,10,3458485,72885789,1
1,1,0,0,10,12465464,103942276,1
1,1,1,1,9,8574934,47265953,1
1,1,1,1,9,6574937,32925546,1
1,1,0,0,9,1544542,37754955,1
1,1,0,1,9,10786507,8048752,1
1,1,0,0,9,4563895,7988874,0
1,1,1,0,9,4536548,17062419,0
1,1,1,0,9,4241176,79483082,1
1,1,1,0,9,6574394,56472166,1
1,1,1,0,9,3586976,27280796,1
1,1,1,0,9,3675174,93506133,1
1,1,1,1,9,4738759,59299895,1
1,1,1,1,9,7555076,74339860,1
1,1,1,1,9,12351237,48841341,1
1,1,1,1,9,2787363,88421362,1
1,1,1,1,10,3475595,73374467,1
1,1,1,0,10,6178803,88651693,1
1,1,1,0,10,12573189,24917224,1
1,1,0,0,10,3623695,22579287,0
1,1,1,0,10,3917351,101334293,0
1,1,1,0,9,4374847,42667213,0
1,1,1,0,9,4537584,28687744,0
1,1,1,0,9,6579473,47103934,0
1,1,1,0,9,9433596,71226711,0
1,1,1,0,9,4537264,81515939,1
1,1,1,0,9,3475847,96605324,1
1,1,0,0,10,5283320,64473775,1
1,1,1,0,10,4364847,79711337,1
1,1,1,0,10,5411723,93483503,1
1,1,1,0,10,5463847,1888798,1
1,1,0,0,10,3457499,41548746,1
1,1,1,0,10,9757456,9992217,0
1,1,0,0,10,3595237,97652501,0
1,1,0,0,8,5279240,3340709,0
1,1,0,0,8,3077374,76124290,1
1,1,0,1,8,5438478,19300180,0
1,1,0,1,8,3458746,2761501,0
1,1,1,0,8,3198674,10539824,0
1,1,1,0,8,7372638,53401763,1
1,1,1,0,8,4658938,48443786,1
1,1,1,0,8,6781543,13986465,1
1,1,1,0,8,6848547,102246152,1
1,1,1,0,8,4759375,12503132,1
1,1,1,0,8,6678604,18654339,1
1,1,1,0,8,4325521,59061353,1
1,1,1,0,8,4658475,56204401,1
1,1,1,0,8,7485749,69002664,1
1,1,0,0,8,9565630,6467813,1
1,1,0,0,8,5365630,66864596,1
1,1,0,1,8,3546578,29170142,0
1,1,0,1,8,9758558,4413628,0
1,1,0,0,8,2382311,43210472,0
1,1,0,0,8,2079094,67937580,0
1,1,0,1,8,2648758,68168577,1
1,1,0,0,8,3548377,17046365,0
1,1,0,0,8,3632372,4519789,0
1,1,0,0,8,3465856,44363380,0
1,1,0,0,8,3938746,66997205,1
1,1,0,1,8,2632370,45259556,1
1,1,0,0,8,3217764,36761813,1
1,1,1,1,8,3475488,52927262,1
1,1,0,0,8,3466574,66310546,1
1,1,1,1,8,4387487,49015150,1
1,1,0,0,8,3049952,23018932,1
1,1,0,0,8,2829247,20954100,1
1,1,0,0,8,2939489,2655624,1
1,1,0,1,8,9233233,8658186,1
1,1,0,0,8,12343929,61275426,1
1,1,0,0,8,2072627,47045852,1
1,1,0,0,8,6474637,39978747,1
1,1,0,0,8,5113854,67110954,1
1,1,0,1,8,13963092,9579532,1
1,1,0,0,8,8479379,51400011,1
1,1,0,0,8,10967544,40240202,1
1,1,0,0,8,3151282,22692955,1
1,1,0,0,8,4574679,47378089,1
1,1,0,1,8,3634684,53915141,1
1,1,0,0,8,5645836,27619021,1
1,1,1,1,8,6764846,63056470,1
1,1,0,0,8,9286157,10743549,1
1,1,0,0,8,6658618,3971072,1
1,1,0,1,8,5483787,4041705,1
1,1,0,0,8,19163733,48262100,1
1,1,0,0,7,1065166,13042913,1
1,1,0,0,7,9439135,17608973,1
1,1,0,1,7,20762670,25626798,1
1,1,0,0,7,5824197,43409494,1
1,1,0,0,7,2338188,64734380,1
1,1,0,0,7,2981564,68830511,1
1,1,0,1,7,5648378,68701471,0
1,1,0,0,7,6473687,75648001,0
1,1,0,0,7,4769763,74199199,0
1,1,0,0,7,6605542,35125675,0
1,1,1,1,7,6488738,48897880,0
1,1,0,0,7,6638748,22888567,0
1,1,0,0,7,8357228,46966858,1
1,1,0,1,7,3464574,53942690,1
1,1,0,0,7,4637847,74479991,1
1,1,0,0,7,3453764,18889491,1
1,1,0,1,7,3901837,9699260,1
1,1,0,0,7,3547297,58437522,1
1,1,0,0,7,5463597,10171780,1
1,1,0,0,7,2374638,24054510,1
1,1,0,1,7,3638151,74454517,1
1,1,0,0,7,4204351,17903519,0
1,1,0,0,7,2670946,52697641,1
1,1,0,1,7,2354846,56819940,0
1,1,0,0,7,3454487,21451515,1
1,1,0,0,7,5461275,24206340,0
1,1,0,1,7,2347648,38113460,1
1,1,0,0,7,8781289,29795810,1
1,1,0,0,7,9405044,22719512,1
1,1,1,1,7,4354847,26975262,1
1,1,1,0,7,2684648,77588476,0
1,1,1,0,7,6564081,63623675,1
1,1,1,0,7,4499029,75745815,1
1,1,1,0,7,4537464,50379623,0
1,1,1,0,7,4537467,65302868,1
1,1,1,0,7,4858049,28272684,1
1,1,1,0,7,3478386,62431935,1
1,1,1,0,7,3547487,63066804,1
1,1,1,0,7,12592212,23904051,1
1,1,1,0,7,6874676,50644919,1
1,1,1,0,7,9582171,5117307,1
1,1,1,0,7,6564876,10304788,1
1,1,1,0,7,9238531,66718015,1
1,1,1,0,7,6376467,77319999,1
1,1,1,0,7,4987648,77462828,0
1,1,1,0,7,4563874,49598502,1
1,1,1,0,7,7684686,16599899,0
1,1,0,0,7,5644684,34837097,0
1,1,0,1,7,7497466,6403887,0
1,1,0,0,7,5645838,36434462,1
1,1,0,0,7,4097420,34430120,1
1,1,0,1,7,8451614,62890242,1
1,1,0,0,7,5603684,69184466,1
1,1,0,0,7,6746357,20053229,1
1,1,1,0,7,14687142,22018945,1
1,1,1,0,7,5846847,58999747,1
1,1,1,0,7,4024815,370077,1
1,1,1,0,7,6488447,22653227,1
1,1,1,0,7,3574687,18373273,1
1,1,1,0,7,5463876,5819005,0
1,1,1,0,7,32632513,69807959,0
1,1,1,0,7,3116680,73693175,0
1,1,1,0,7,4536746,5304748,0
1,1,1,0,7,1962911,63241643,1
1,1,1,0,7,4573676,11757869,1
1,1,1,0,7,3847782,46883240,1
1,1,1,0,7,3151772,20017931,1
1,1,1,0,7,9577250,27089184,1
1,1,1,0,7,6633133,15756234,1
1,1,1,0,7,16144287,12637388,1
1,1,0,0,7,3479849,11411331,0
1,1,1,0,7,4379479,46183846,0
1,1,1,0,7,5684799,73200092,0
1,1,1,0,7,5674977,60101144,1
1,1,1,0,7,3083557,25152536,1
1,1,1,0,7,9876422,60545040,1
1,1,1,0,7,9894787,52045415,1
1,1,0,0,7,29376325,12669923,0
1,1,0,0,7,4787979,26451408,0
1,1,0,0,7,6397507,15591328,1
1,1,1,0,7,6795984,14106834,0
1,1,1,0,7,8159764,4373712,0
1,1,1,0,7,3618417,2552559,1
1,1,0,0,7,1062464,61182308,1
1,1,0,0,7,5716223,822687,1
1,1,0,0,7,4638789,24723562,1
1,1,1,0,7,18008024,55399808,1
1,1,1,0,7,11378750,47096852,1
1,1,1,0,7,4536776,74910500,1
1,1,1,0,7,22151882,24394619,1
1,1,1,0,7,3473684,34891252,1
1,1,1,0,7,4267387,38915522,1
1,1,1,0,7,23326472,23083662,1
1,1,1,0,7,6764839,18459009,1
1,1,1,0,7,11637954,73143895,1
1,1,0,0,7,3726831,70555784,1
1,1,0,1,7,3564677,31129996,1
1,1,0,0,7,19464174,57479778,1
1,1,0,0,7,3064143,49121421,1
1,1,0,1,7,3007320,66698722,1
1,1,1,0,7,4789389,48167297,1
1,1,0,0,7,3458748,3334482,1
1,1,0,0,7,7649378,5247761,1
1,1,1,0,7,4368479,62245501,0
1,1,1,0,7,26257335,44789645,0
1,1,1,0,7,7473947,24553674,0
1,1,0,0,7,3474874,71732506,0
1,1,0,0,7,2738478,32350728,0
1,1,0,0,7,4378478,40001417,0
1,1,1,0,7,5508898,60935628,0
1,1,0,0,7,18167982,74572021,0
1,1,1,0,7,2867458,62698061,1
1,1,0,0,7,5021352,8803346,1
1,1,0,0,7,4637644,26934090,1
1,1,1,0,7,3449749,36662280,1
1,1,0,0,7,2437484,42011141,1
1,1,1,0,7,2794847,72946911,1
1,1,1,0,7,4692730,3110672,1
1,1,1,0,7,4637464,32165979,1
1,1,1,0,7,3648374,19229832,1
1,1,1,0,7,4537468,2609525,0
1,1,0,0,7,4348293,53597673,0
1,1,1,0,7,5260448,31317432,0
1,1,1,0,7,4789376,6128247,1
1,1,0,0,7,3867977,9063586,1
1,1,0,0,7,4783874,48230749,0
1,1,0,0,7,4873878,45523976,0
1,1,0,0,7,2566994,31506710,0
1,1,1,0,7,3072919,22917455,1
1,1,1,0,7,4738474,1983741,1
1,1,0,0,7,3474778,48432381,1
1,1,0,0,7,4737369,74954994,1
1,1,0,1,7,6469130,26795803,1
1,1,0,0,7,5648784,12770309,0
1,1,1,1,7,9265466,44772711,0
1,1,0,0,7,6583684,458659,1
1,1,1,0,7,9922933,49800438,1
1,1,0,0,7,3223110,36368769,1
1,1,0,0,7,4012287,9370555,1
1,1,0,0,7,6798987,15004228,1
1,1,0,0,7,12018142,75050887,1
1,1,0,1,7,5676847,48477524,1
1,1,0,0,7,2702827,20231334,1
1,1,1,0,7,6674687,17932170,1
1,1,0,1,7,7160335,10246459,1
1,1,0,1,7,5925726,49418975,1
1,1,0,1,7,6746388,45447499,1
1,1,0,1,7,5648748,32389323,1
1,1,0,0,7,4152222,22018377,1
1,1,1,0,5,6546767,62779648,1
1,1,0,1,5,10267539,29461113,1
1,1,0,0,5,4933587,57944372,1
1,1,0,0,5,4938948,20251800,1
1,1,0,1,5,8284573,48703401,1
1,1,1,0,5,26195376,5130046,1
1,1,0,0,5,3474688,55851429,0
1,1,0,1,5,3746977,50853159,1
1,1,0,0,5,4837847,13743210,1
1,1,0,1,5,19595530,50196470,1
1,1,1,0,5,6746837,27277449,0
1,1,0,0,5,6548378,28118208,0
1,1,1,0,5,5821585,34024962,1
1,1,0,1,5,8147279,51340901,1
1,1,1,0,7,7779849,25349467,1
1,1,1,0,7,7065595,75320547,1
1,1,1,0,7,9380095,14983989,1
1,1,1,0,7,13385859,75224154,1
1,1,1,0,7,8989487,54627009,1
1,1,1,0,7,12051032,78989130,0
1,1,1,1,7,8746764,28801826,0
1,1,1,1,7,3026853,78272899,1
1,1,1,1,7,3674697,76664058,1
1,1,0,0,7,7847794,4676318,1
1,1,1,0,7,6846847,4896681,1
1,1,1,0,7,3507566,66252419,1
1,1,1,1,7,6769766,38593113,1
1,1,1,1,7,4821674,43635585,1
1,1,0,0,7,5484984,69806604,1
1,1,1,1,7,8894849,11692245,1
1,1,0,0,7,7910532,11841567,1
1,1,0,1,7,5493894,70329794,1
1,1,1,0,7,5493830,32949186,1
1,1,0,0,7,5238507,42986912,1
1,1,0,1,7,4394894,51577630,1
1,1,0,0,7,1640173,71477206,1
1,1,1,1,7,2394894,59445717,0
1,1,0,0,7,4374749,40485037,1
1,1,0,1,7,5638478,22079414,1
1,1,1,0,7,6120022,47312992,1
1,1,0,0,7,3080721,78461444,1
1,1,0,1,7,4560242,44305144,1
1,1,1,0,7,3674874,20626553,1
1,1,0,1,7,3768497,11599003,1
1,1,0,0,7,4378737,43936406,1
1,1,1,1,7,5327837,6976380,1
1,1,0,0,7,3408461,15428848,1
1,1,0,1,7,4365266,58753887,1
1,1,1,0,7,1263169,15163710,1
1,1,1,0,7,2374847,37996307,0
1,1,1,0,7,6266364,2631004,1
1,1,1,0,7,6749788,60499401,0
1,1,1,1,7,4374847,62513787,1
1,1,1,1,7,3648474,26339,1
1,1,1,1,7,2748479,35266324,1
1,1,1,1,7,5858070,78526849,1
1,1,1,1,7,10084157,35204239,1
1,1,0,0,7,4738478,35308223,1
1,1,0,1,7,3472847,74175560,1
1,1,1,0,7,10085647,41380075,1
1,1,1,0,7,5427891,11175370,1
1,1,1,0,7,6468094,60082100,1
1,1,1,0,7,4563874,40759702,1
1,1,1,0,7,24282818,61228284,1
1,1,0,0,7,6736837,28551255,1
1,1,0,1,7,2969937,47318257,1
1,1,1,0,7,3452836,74797575,1
1,1,0,0,7,5637642,13163179,1
1,1,1,0,7,2383684,64345476,1
1,1,1,0,7,5648368,41440575,0
1,1,1,0,7,3175929,57130377,1
1,1,1,0,7,3452650,11900557,1
1,1,0,1,7,4207693,29209162,1
1,1,0,1,7,3602773,19519962,1
1,1,1,1,7,2607396,21696199,1
1,1,1,0,7,3207396,53496446,1
1,1,1,1,7,2318360,60516961,1
1,1,1,1,7,1615189,57750783,1
1,1,1,0,7,1745462,45587577,1
1,1,0,0,7,2907873,47002196,1
1,1,0,1,7,2638876,24443891,1
1,1,1,0,7,3268659,60792256,1
1,1,0,1,7,4958547,36404726,1
1,1,1,0,7,3648575,36281773,1
1,1,1,0,7,1274684,33202679,0
1,1,1,0,7,3627368,39160284,0
1,1,1,0,7,19889152,61285951,1
1,1,1,0,7,21483248,38697463,1
1,1,1,0,7,2374764,79887337,1
1,1,1,0,7,2377584,24492938,1
1,1,1,0,7,4372674,2214976,1
1,1,1,0,7,3245837,4537801,1
1,1,0,0,6,2938474,13604104,1
1,1,1,0,6,1525625,65584979,1
1,1,1,0,6,14814011,9232648,0
1,1,0,0,6,2741380,52513331,0
1,1,0,0,6,5911482,75465765,1
1,1,1,0,6,2837487,76193355,1
1,1,0,1,6,2566310,70017358,1
1,1,1,0,6,3737317,1582034,1
1,1,1,0,6,22230215,47879519,1
1,1,1,0,6,4242133,44456557,1
1,1,0,0,6,2337493,5945044,1
1,1,1,0,6,3746837,11886900,1
1,1,1,0,6,9644442,44972152,1
1,1,1,0,6,1111543,67345952,1
1,1,1,0,6,11282664,34095302,1
1,1,1,0,6,2736483,1293062,1
1,1,1,0,6,2241712,33569229,1
1,1,1,0,6,2726584,37876908,1
1,1,1,0,6,3338748,57535299,1
1,1,1,0,6,1701912,79301306,1
1,1,0,0,6,11868623,54677350,1
1,1,1,0,6,3223847,28551600,1
1,1,0,0,6,2237463,13887735,1
1,1,1,0,6,2274847,38888440,1
1,1,1,0,6,4473874,38410169,1
1,1,1,0,6,4874847,7283757,1
1,1,1,0,6,4483749,22072903,1
1,1,1,0,6,2736644,67683191,1
1,1,1,0,6,3346473,14550018,1
1,1,1,0,6,3374797,41168405,1
1,1,1,0,6,3445435,23808248,1
1,1,1,0,6,10967842,24428727,1
1,1,1,0,6,5828492,26947373,0
1,1,1,0,6,2537367,906880,0
1,1,0,0,6,4344333,45051397,0
1,1,0,0,6,2343555,50909733,1
1,1,1,0,6,2052959,75330235,1
1,1,1,0,6,4463933,3178860,1
1,1,1,0,6,21388326,28184660,1
1,1,1,0,6,4323332,19633293,1
1,1,0,0,6,2343444,17724717,1
1,1,1,0,6,4208015,3577929,1
1,1,1,0,6,3422343,3942950,1
1,1,1,0,6,13256370,2385398,1
1,1,0,0,6,4619706,2376805,1
1,1,1,0,6,4838791,3249416,0
1,1,1,0,6,3233254,1049192,0
1,1,1,0,6,5167256,1039719,1
1,1,0,0,6,8950828,1797863,1
1,1,0,0,6,3253245,1529994,1
1,1,1,0,6,5432745,3636513,1
1,1,1,0,6,15847122,1428133,1
1,1,0,0,6,5016114,2667457,1
1,1,0,0,6,5206749,2665987,1
1,1,0,0,6,4367999,468181,1
1,1,1,0,6,8428621,3411418,1
1,1,1,0,6,6179671,2262983,1
1,1,0,0,6,3674847,2252686,1
1,1,1,0,6,1953740,2235966,1
1,1,1,0,6,8208854,3925321,1
1,1,1,0,6,6819605,462035,1
1,1,0,1,6,3767898,2917921,1
1,1,1,0,6,2201146,2022992,1
1,1,1,0,6,2349484,231463,1
1,1,0,0,6,967368,3143218,1
1,1,0,1,6,7686996,3215151,1
1,1,0,1,6,3423344,3143379,1
1,1,1,0,6,4345444,311166,1
1,1,1,0,6,3044444,1503101,1
1,1,1,0,6,2345444,3074344,1
1,1,1,0,6,2034554,1489164,1
1,1,1,0,6,3043244,3166508,1
1,1,0,0,6,4723039,2101477,1
1,1,0,0,6,5818674,147194,1
1,1,0,0,6,6057767,1284534,1
1,1,1,0,6,12384874,1593648,1
1,1,1,0,6,6736787,1529061,1
1,1,1,0,6,2043444,996508,1
1,1,1,0,6,2384894,2541919,1
1,1,1,0,6,16780027,2419277,1
1,1,0,0,6,2893899,298855,1
1,1,1,0,6,2344344,3317859,1
1,1,1,0,6,2737837,1534029,0
1,1,1,0,6,2093887,2241816,1
1,1,1,0,6,6245725,894387,1
1,1,1,0,6,2839389,244919,1
1,1,1,0,6,3469526,240469,1
1,1,1,0,6,2838494,394778,1
1,1,1,1,6,3289389,2865081,1
1,1,1,0,6,3752395,3278123,0
1,1,1,0,6,2834009,2997060,1
1,1,0,0,6,1298944,3150464,1
1,1,0,0,6,4211524,1441070,1
1,1,0,0,6,2391049,489634,1
1,1,0,1,6,3231247,470567,1
1,1,0,1,6,2340394,2107981,1
1,1,0,1,6,7739339,8285,1
1,1,0,0,6,1935798,1395832,1
1,1,0,0,6,2938498,2601027,1
1,1,0,0,6,3531887,3260327,1
1,1,0,1,6,3571331,2324414,1
1,1,0,1,6,17313979,1251856,1
1,1,0,1,6,2039499,3298440,1
1,1,0,0,6,3297648,1411067,1
1,1,0,1,6,3486067,8259,1
1,1,0,0,6,6300881,1510987,1
1,1,0,0,6,2134434,450075,1
1,1,0,0,6,3424322,1411927,1
1,1,0,0,6,2983398,496299,1
1,1,0,1,6,1889283,1804954,1
1,1,0,1,6,1613793,3189222,1
1,1,0,1,6,11274571,3118389,1
1,1,1,1,6,4537591,3485942,1
1,1,1,1,6,578937,39527,1
1,1,1,1,6,3324332,2395700,1
1,1,1,1,6,5929456,3011173,1
1,1,1,1,6,1233443,2549041,1
1,1,1,0,6,4322321,1063032,1
1,1,1,0,6,21430514,43014,1
1,1,1,0,6,1234434,5217,1
1,1,1,0,6,3244211,3106519,1
1,1,1,1,6,2132444,853719,1
1,1,1,1,6,457951,276543,1
1,1,0,1,6,313017,3084865,1
1,1,0,1,6,1265690,3622977,1
1,1,0,1,6,124433,2285175,1
1,1,1,1,6,1627167,1697,1
1,1,1,1,6,7150,1472679,1
1,1,1,1,6,6180378,2559564,1
1,1,1,0,6,1779369,2267284,1
1,1,1,0,6,324443,3280504,1
1,1,1,0,6,573684,2304213,1
1,1,0,0,6,248206,2080889,1
1,1,0,0,6,210998,423485,1
1,1,0,1,6,329003,1979621,1
1,1,1,1,6,908101,814197,1
1,1,1,1,6,31859,9012,0
1,1,1,0,6,3934386,453384,1
1,1,1,1,6,3529168,2882289,1
1,1,1,0,6,344423,1554492,1
1,1,1,0,6,329009,3652401,1
1,1,1,0,6,17930326,2943049,1
1,1,1,0,6,2261988,2871296,1
1,1,1,0,6,192883,2732899,1
1,1,1,0,6,5318723,397,1
1,1,1,0,6,388492,2623596,1
1,1,0,1,6,340092,2809524,1
1,1,0,1,6,80024,1628977,1
1,1,0,0,6,329903,1751476,1
1,1,0,1,6,373351,3941955,1
1,1,1,1,6,948365,3389210,1
1,1,1,0,6,1050713,2616789,1
1,1,1,0,6,7128062,3922546,1
1,1,1,0,6,329489,295999,1
1,1,0,1,6,73337,2490558,1
1,1,1,0,6,334909,3625256,1
1,1,1,0,6,449394,1670128,1
1,1,1,0,6,15247734,399477,1
1,1,1,0,6,3329004,1484898,1
1,1,1,0,6,5219544,3792593,1
1,1,1,0,6,2343345,311610,1
1,1,1,0,6,1244435,1980495,1
1,1,1,0,6,2332445,3437084,1
1,1,1,0,6,3223444,2622073,1
1,1,1,0,6,4856122,1351480,1
1,1,1,0,6,2932323,943,1
1,1,1,0,6,4140475,1306393,1
1,1,1,0,6,1994391,1122158,1
1,1,1,0,6,1551059,676938,1
1,1,1,0,6,1666748,1609492,1
1,1,1,0,6,4739389,1014692,1
1,1,1,0,6,2234493,214806,1
1,1,1,0,6,1443332,2445299,1
1,1,1,0,6,2098938,2024746,1
1,1,1,0,6,586303,2645171,1
1,1,1,0,6,893833,1121547,1
1,1,0,0,6,3839934,3733131,1
1,1,0,1,6,15665691,42075,1
1,1,0,1,6,2168035,2611,1
1,1,0,1,6,3223903,2487715,1
1,1,0,0,6,3329403,2349118,1
1,1,1,0,6,4396956,3147604,1
1,1,1,0,6,2199039,825728,1
1,1,0,0,6,5249009,3680972,1
1,1,1,0,6,2339893,3169632,1
1,1,0,0,6,2009839,1969782,0
1,1,1,0,6,22835221,1758938,1
1,1,0,0,6,233758,3001086,0
1,1,1,0,6,565503,2938085,1
1,1,1,0,6,965216,2282893,0
1,1,1,0,6,3437088,3990909,1
1,1,1,0,6,2093399,3463671,1
1,1,1,0,6,3486509,3676105,1
1,1,0,0,6,3009894,3552128,1
1,1,0,1,6,3898494,2354924,0
1,1,1,1,6,3009839,3371385,1
1,1,0,1,6,8952492,686656,1
1,1,0,1,6,4009839,993476,1
1,1,1,1,6,5904944,3736111,1
1,1,1,0,6,261182,5105,1
1,1,1,0,6,3396621,586226,0
1,1,1,0,6,5009409,3109978,1
1,1,1,0,6,9225833,947379,1
1,1,1,0,6,1570667,1022561,1
1,1,1,0,6,2393304,3885257,1
1,1,1,0,6,2900949,2279185,1
1,1,1,0,6,2950095,45493,1
1,1,0,0,5,3094330,2987996,1
1,1,1,0,5,1069397,3343001,1
1,1,1,0,5,930399,204915,1
1,1,0,0,5,2474375,1026383,0
1,1,1,0,5,3394905,2686613,1
1,1,1,0,5,1994894,3655044,1
1,1,1,0,5,1009489,909720,1
1,1,1,0,5,3994023,2483304,1
1,1,1,0,5,3820490,2579077,1
1,1,1,0,5,4339033,3988745,1
1,1,1,0,5,5045930,1432714,1
1,1,1,0,5,2039495,7627,1
1,1,1,0,5,327256,3231553,1
1,1,0,1,5,5193475,2463884,1
1,1,0,1,5,304534,2510733,1
1,1,0,1,5,3533882,2593476,1
1,1,0,1,5,1229404,2892801,1
1,1,0,1,5,1290099,882844,1
1,1,1,0,5,1388849,259055,1
1,1,1,0,5,559314,2772850,1
1,1,1,0,5,884434,2394883,1
1,1,1,0,5,980993,846676,0
1,1,0,0,5,2741402,1231200,1
1,1,0,0,5,332512,1460582,0
1,1,1,0,5,949004,1672991,1
1,1,1,0,5,4361980,850427,0
1,1,1,0,5,3748412,3225599,1
1,1,1,0,5,948884,2122807,1
1,1,1,0,5,4495804,1000717,1
1,1,1,0,5,989488,84,1
1,1,1,0,5,948594,2820226,1
1,1,1,0,5,998498,1385301,1
1,1,0,0,5,308232,3462864,1
1,1,0,0,5,449499,3965064,1
1,1,0,0,5,26938,3854543,1
1,1,1,0,5,215815,1163512,1
1,1,1,0,5,889494,3238669,0
1,1,1,0,5,1314877,3186269,1
1,1,1,0,5,4495049,941395,1
1,1,1,1,5,950404,3627511,1
1,1,1,1,5,959084,944094,1
1,1,0,1,5,3093944,168637,1
1,1,0,1,5,747478,2579797,1
1,1,0,1,5,293028,2511261,1
1,1,1,1,5,349984,1444,1
1,1,1,1,5,1039489,2954315,1
1,1,1,0,5,884944,3552792,0
1,1,1,0,5,874776,3170132,1
1,1,1,0,5,319295,579840,1
1,1,1,0,5,316215,3931474,1
1,1,1,0,5,773873,32888,1
1,1,1,1,5,339489,2310133,1
1,1,1,0,5,1717722,1927588,1
1,1,1,1,5,283984,39876,1
1,1,0,1,5,499909,3180827,1
1,1,0,1,5,1454832,456845,1
1,1,0,1,5,998349,3639847,1
1,1,1,1,5,476873,2155911,1
1,1,1,0,5,2103491,11732,1
1,1,1,0,5,889389,2001576,1
1,1,1,0,5,770362,3522529,0
1,1,1,0,5,349984,2488759,1
1,1,1,0,5,488738,1915981,1
1,1,1,0,5,1039978,3056817,1
1,1,1,1,5,889483,2685759,1
1,1,0,1,5,1535197,3526373,1
1,1,0,0,5,884985,3460387,1
1,1,1,0,5,512516,372547,1
1,1,1,0,5,885984,1277686,1
1,1,1,0,5,849529,402019,1
1,1,1,0,5,876381,2958604,1
1,1,1,0,5,1094888,3209549,1
1,1,1,0,5,552076,2594756,0
1,1,0,0,5,847947,2509119,1
1,1,0,0,5,884989,3787919,0
1,1,1,0,5,1083200,2335347,0
1,1,1,0,5,849898,1024119,1
1,1,1,0,5,758748,3774204,1
1,1,1,0,5,1952902,1542880,1
1,1,1,0,5,64452,2202977,1
1,1,1,0,5,1066697,199652,0
1,1,1,0,5,1087728,204773,1
1,1,1,0,5,783799,2854509,1
1,1,1,0,5,443094,1892275,1
1,1,1,1,5,767574,3303842,0
1,1,1,1,5,584983,160946,1
1,1,1,1,5,853407,1067099,1
1,1,1,1,5,607418,1537952,1
1,1,1,1,5,787837,1623566,1
1,1,1,1,5,777878,3112,1
1,1,1,0,5,777390,3952912,1
1,1,1,0,5,658479,1738210,1
1,1,1,0,5,804877,268580,1
1,1,1,0,5,1935861,1879023,0
1,1,1,0,5,994839,1258344,1
1,1,0,1,5,999754,1832217,1
1,1,0,1,5,1159235,1387305,0
1,1,1,0,5,2120217,3018753,1
1,1,1,0,5,1219853,3113415,1
1,1,1,1,5,438989,954270,1
1,1,1,1,5,927706,3265302,1
1,1,1,1,5,334940,1442017,1
1,1,1,1,5,409030,2199740,1
1,1,1,0,5,509894,3417019,0
1,1,1,0,5,787947,367572,1
1,1,1,0,5,998948,2184351,1
1,1,0,1,5,211468,1060390,1
1,1,1,0,5,994893,3245651,0
1,1,1,0,5,452725,686641,0
1,1,1,0,5,655989,2934691,0
1,1,1,0,5,447897,1048358,0
1,1,1,0,5,677794,8859172,1
1,1,1,0,5,877749,1693231,0
1,1,1,0,5,987774,2677791,1
1,1,1,0,5,455598,7792789,1
1,1,1,0,5,2699631,7862546,1
1,1,1,0,5,1887254,6594234,1
1,1,1,0,5,477588,5022304,1
1,1,1,0,5,380983,8098052,1
1,1,1,0,5,557847,5949288,1
1,1,0,0,5,200909,1470297,1
1,1,1,0,5,2004229,2074096,0
1,1,1,0,5,773874,8928209,0
1,1,1,0,5,774803,2120922,1
1,1,1,0,5,962062,5404931,1
1,1,1,0,5,788298,857222,1
1,1,0,0,5,993898,8000496,1
1,1,0,0,5,489839,5356947,1
1,1,1,0,5,1071159,3641170,1
1,1,1,0,5,4915385,3989915,0
1,1,1,0,5,9308755,8466138,0
1,1,0,0,5,4448813,1310182,1
1,1,1,0,5,6668765,7915104,1
1,1,1,0,5,8889389,2140297,0
1,1,1,0,5,5912344,4814220,1
1,1,1,0,5,3884989,5506162,0
1,1,1,0,5,8883988,9773433,1
1,1,0,0,5,1962157,7687629,1
1,1,1,0,5,9543076,424388,1
1,1,1,0,5,8898998,3755002,1
1,1,1,0,5,8893997,8213804,1
1,1,1,0,5,3884989,201755,1
1,1,1,0,5,7798938,7028170,1
1,1,0,0,5,6470798,973103,1
1,1,1,0,5,3849894,8178007,1
1,1,1,0,5,3889489,8790824,1
1,1,1,0,5,4409039,2916001,0
1,1,1,0,5,5044768,7372944,0
1,1,1,0,5,9990344,9066287,1
1,1,1,0,5,3949044,4026634,1
1,1,1,0,5,443300,8301110,1
1,1,1,0,5,498993,1711882,1
1,1,1,0,5,289389,7826094,1
1,1,1,0,5,3998944,938086,1
1,1,1,0,5,4985085,622457,1
1,1,1,0,5,9995094,2295499,1
1,1,1,0,5,10635558,8500512,1
1,1,1,0,5,4459955,2566297,1
1,1,1,0,5,990390,2936760,1
1,1,1,0,5,321415,1207484,1
1,1,1,0,5,129094,8900440,1
1,1,0,0,5,999484,1899780,1
1,1,0,0,5,5872092,8414400,1
1,1,1,0,5,9984044,2386392,1
1,1,0,0,5,334940,4490258,1
1,1,1,0,5,3627771,954915,1
1,1,1,0,5,443994,7515628,1
1,1,1,0,5,49003,7289817,1
1,1,1,0,5,499033,1749280,0
1,1,1,0,5,3772171,8135555,0
1,1,1,0,5,6547548,4481969,1
1,1,1,0,5,4888993,7878632,1
1,1,1,0,5,7563578,6790735,1
1,1,1,0,5,99093,1196165,1
1,1,1,0,5,4998938,1633121,1
1,1,1,0,5,3398948,4317881,1
1,1,1,0,5,4490300,9286316,1
1,1,1,0,5,4909399,2045283,1
1,1,1,0,5,9309904,8511853,0
1,1,1,0,5,9984003,1726789,0
1,1,1,0,5,998300,7857525,0
1,1,1,0,5,933844,8260359,1
1,1,0,0,5,557793,168569,1
1,1,1,0,5,6465857,5018026,1
1,1,1,0,5,2240206,2255099,1
1,1,1,0,5,8379937,41199,1
1,1,1,0,5,887394,8723176,1
1,1,1,0,5,194012,5545985,1
1,1,1,0,5,557468,5854740,1
1,1,1,0,5,3670928,6407264,1
1,1,0,0,5,4488938,6684756,1
1,1,1,0,5,774934,6235290,1
1,1,1,0,5,3774272,4351168,1
1,1,1,0,5,88943,3343953,1
1,1,1,0,5,2780963,8349330,1
1,1,1,0,5,884974,5684076,1
1,1,1,0,5,623248,6933229,1
1,1,1,0,5,887494,1524827,1
1,1,1,0,5,1800889,5932570,0
1,1,1,0,5,778479,1931811,0
1,1,1,0,5,1105306,3770300,1
1,1,1,0,5,444808,2980315,1
1,1,1,0,5,848048,9227851,1
1,1,1,0,5,3623580,7948529,1
1,1,1,0,5,8949147,5734720,1
1,1,1,0,5,887894,49044,1
1,1,1,0,5,9949944,7410388,1
1,1,1,0,5,3604564,1341274,1
1,1,1,0,5,2416964,3026244,1
1,1,1,0,5,7787494,4835271,1
1,1,1,0,5,157821,135455,1
1,1,1,0,5,1289403,6784447,1
1,1,0,0,5,7787994,4952728,1
1,1,0,0,5,8847947,5405218,1
1,1,0,0,5,888449,5902797,1
1,1,1,0,5,9989477,2663397,1
1,1,1,0,5,8894974,6756286,1
1,1,1,0,5,9065,3486246,0
1,1,1,0,5,7787497,180352,0
1,1,1,0,5,1660133,3675259,1
1,1,1,0,5,3654315,8556120,1
1,1,1,0,5,1376465,6485823,1
1,1,1,0,5,8897494,4598266,1
1,1,1,0,5,8809840,3857439,1
1,1,1,1,5,6020500,7108011,1
1,1,0,1,5,939910,4322172,1
1,1,0,1,5,1669612,2138928,1
1,1,0,0,5,7773973,4112540,1
1,1,0,0,5,182934,4956162,1
1,1,1,0,5,778748,4455220,1
1,1,1,0,5,1569567,1360375,0
1,1,1,0,5,88493,5868702,0
1,1,1,0,5,681884,8975618,1
1,1,1,0,5,2390672,7825163,1
1,1,1,0,5,88932,9598919,1
1,1,1,0,5,998903,4156441,1
1,1,0,1,5,67796,8372944,1
1,1,0,1,5,628502,7846463,1
1,1,0,0,5,888393,9502209,1
1,1,0,0,5,1055578,5697020,1
1,1,1,0,5,887938,1229150,1
1,1,1,0,5,883833,1067504,1
1,1,1,0,5,797893,7846189,1
1,1,1,0,5,325996,9783238,1
1,1,1,0,5,334535,1432006,1
1,1,0,0,5,554554,7590413,1
1,1,0,1,5,436222,8688541,0
1,1,0,1,5,197160,8891228,1
1,1,1,1,5,16206,354997,1
1,1,1,0,5,445534,3951703,0
1,1,1,1,5,323675,7907201,1
1,1,1,0,5,434453,5991457,1
1,1,1,0,5,362366,697053,1
1,1,1,0,5,543344,5492413,1
1,1,1,0,5,223435,1265382,1
1,1,1,0,5,32344,4428571,1
1,1,1,0,5,403004,8301033,1
1,1,1,0,5,218869,2396344,1
1,1,1,0,5,298783,8634318,1
1,1,0,0,5,262782,3013075,1
1,1,0,1,5,232347,4019605,1
1,1,0,0,5,381396,3846744,0
1,1,1,0,5,443005,5291544,0
1,1,1,0,5,555432,5813063,1
1,1,1,0,5,344555,5994739,1
1,1,0,0,5,12455,9045460,1
1,1,1,0,5,3520731,1396022,1
1,1,1,0,5,1892504,2351277,1
1,1,1,0,5,5543356,6761439,1
1,1,0,0,5,5434454,4954106,1
1,1,0,0,5,3647827,6121803,1
1,1,1,0,5,444355,7301768,1
1,1,0,0,5,564334,7477686,1
1,1,1,0,5,271876,9454176,1
1,1,0,0,5,443556,5809166,1
1,1,1,0,5,445563,5041253,1
1,1,1,0,5,455645,9120696,1
1,1,1,0,5,361985,2482351,1
1,1,0,0,5,154455,9666270,1
1,1,1,0,5,777589,3642983,1
1,1,1,0,5,504995,4074722,1
1,1,0,0,5,559904,9578344,0
1,1,1,0,5,845072,8625380,1
1,1,1,0,5,889504,8805524,1
1,1,1,0,5,405492,8567491,1
1,1,1,0,5,554990,8485712,1
1,1,1,0,5,995045,6325594,1
1,1,1,0,5,505940,6385324,1
1,1,0,0,5,754866,6691233,1
1,1,0,0,5,1882894,6870920,0
1,1,1,0,5,949237,7058719,0
1,1,1,0,5,449009,2650271,1
1,1,1,0,5,1489989,3569911,1
1,1,1,0,5,1929903,3972751,1
1,1,1,0,5,998939,3576600,1
1,1,1,0,5,938844,2191674,1
1,1,1,0,5,2077778,806830,1
1,1,1,0,5,889489,6762794,1
1,1,0,0,5,399894,3916682,1
1,1,0,0,5,1159282,9524162,1
1,1,0,0,5,99892,7566238,1
1,1,1,0,5,38914,388265,1
1,1,0,0,5,34994,557957,1
1,1,1,0,5,1361055,8967007,1
1,1,1,0,5,285692,7408829,1
1,1,1,0,5,23394,880834,1
1,1,1,0,5,997895,2371700,0
1,1,1,0,5,667467,2436159,1
1,1,0,0,5,183369,5314268,1
1,1,0,0,5,388278,5849390,0
1,1,1,0,5,887844,8180514,1
1,1,1,0,5,298327,1984050,1
1,1,1,0,5,610853,83874,0
1,1,1,0,5,1791800,4030853,1
1,1,1,0,5,384989,1185207,1
1,1,1,0,5,99409,7003781,1
1,1,1,0,5,93894,4023584,1
1,1,1,0,4,34999,9251130,1
1,1,1,0,4,128993,2961886,1
1,1,0,0,4,9943,9365773,1
1,1,1,0,4,222622,5161073,1
1,1,1,0,4,322245,1948261,1
1,1,1,0,4,321542,3571404,1
1,1,1,0,4,216474,2978323,1
1,1,1,0,4,55004,7451642,1
1,1,0,1,4,98984,8731545,1
1,1,1,0,4,4399,2259917,1
1,1,1,0,4,94003,5558698,0
1,1,1,0,4,39948,1474998,1
1,1,1,0,4,44449,894102,1
1,1,1,0,4,340294,5862814,1
1,1,0,0,4,1047687,2068500,1
1,1,1,0,4,993898,1019524,1
1,1,1,0,4,994833,916978,1
1,1,0,0,4,1412973,1116536,1
1,1,1,0,4,527687,1227370,1
1,1,0,0,4,3547686,219486,0
1,1,1,0,4,784788,1276264,1
1,1,1,0,4,887837,786909,1
1,1,1,0,4,11989,1740549,1
1,1,0,0,4,83892,1764513,1
1,1,1,0,4,1631594,1548099,1
1,1,0,0,4,233630,864989,1
1,1,1,0,4,998334,1448162,1
1,1,1,0,4,2095159,365351,1
1,1,1,0,4,388499,1615007,0
1,1,1,0,4,5439559,1640419,1
1,1,1,0,4,1534079,1627274,1
1,1,1,0,4,2109560,1674684,1
1,1,1,0,4,485160,1775786,1
1,1,1,0,4,18839,1601613,0
1,1,1,0,4,83992,20878,0
1,1,1,0,4,883233,1945780,0
1,1,1,0,4,595151,293277,0
1,1,1,0,4,33949,262654,1
1,1,1,0,4,273647,197461,1
1,1,1,0,4,59954,1426162,1
1,1,1,0,4,499388,738437,1
1,1,1,0,4,456309,1324772,1
1,1,1,0,4,859695,1162617,1
1,1,1,0,4,131473,1076523,1
1,1,1,0,4,449890,1884629,1
1,1,1,0,4,988948,567541,1
1,1,1,0,4,884983,1088476,0
1,1,1,0,4,388849,331826,0
1,1,1,0,4,994803,905620,0
1,1,0,0,4,929844,133771,1
1,1,0,0,4,1420838,1711750,1
1,1,1,0,4,884845,1644592,1
1,1,1,0,4,944393,1928749,1
1,1,1,0,4,68349,196884,1
1,1,1,0,4,994800,209662,1
1,1,0,1,4,88494,1954425,1
1,1,0,1,4,449904,21199,1
1,1,0,1,4,1862497,770276,1
1,1,0,0,4,219942,1204927,1
1,1,0,0,4,356459,1562735,1
1,1,0,0,4,798955,962137,1
1,1,0,1,4,274663,144861,1
1,1,0,1,4,874271,1836299,1
1,1,0,1,4,88984,97545,1
1,1,0,0,4,99043,1376840,1
1,1,0,0,4,1004894,1123573,1
1,1,0,0,4,889849,39967,1
1,1,1,0,4,9940,210057,1
1,1,1,0,4,97873,1420634,1
1,1,1,0,4,283984,520173,1
1,1,1,0,4,89894,79330,1
1,1,1,0,4,1494189,1362464,1
1,1,1,0,4,888492,1970691,1
1,1,1,0,4,92774,504168,1
1,1,1,0,4,44382,626283,1
1,1,0,0,4,8499,1725138,1
1,1,1,0,4,884974,1942332,1
1,1,1,0,4,998438,1514090,1
1,1,1,0,4,343670,1576296,1
1,1,1,0,4,667684,481013,1
1,1,1,0,4,887847,193545,1
1,1,1,0,4,1527200,197716,1
1,1,1,0,4,1878300,1052051,1
1,1,1,0,4,1083884,1255533,1
1,1,1,0,4,774793,116940,1
1,1,1,0,4,887749,1280135,1
1,1,1,0,4,777443,576397,0
1,1,1,0,4,2784127,252049,0
1,1,0,0,4,3340610,1502286,1
1,1,0,0,4,2228699,1198767,0
1,1,1,0,4,2255052,1144777,0
1,1,0,0,4,3749794,1465010,0
1,1,1,0,4,88438,1295144,1
1,1,1,0,4,3865997,838644,1
1,1,1,0,4,88839,1170118,1
1,1,0,0,4,2124057,1246674,1
1,1,0,0,4,88399,1037938,1
1,1,1,0,4,1851779,531331,1
1,1,1,0,4,372874,1499466,1
1,1,1,0,4,78373,1627394,1
1,1,0,0,4,88302,1719032,1
1,1,0,0,4,48393,746954,1
1,1,1,0,4,774379,821353,1
1,1,0,0,4,77883,374800,1
1,1,1,0,4,77837,253095,1
1,1,1,0,4,774994,743,1
1,1,0,0,4,777893,426050,1
1,1,0,0,4,396221,1633392,1
1,1,1,0,4,6865824,302120,1
1,1,0,0,4,38273,643449,1
1,1,1,0,4,2288379,1097439,1
1,1,0,0,4,2782053,93198,0
1,1,1,0,4,22104769,1681066,0
1,1,1,0,4,77873,1918831,1
1,1,1,0,4,228373,235272,1
1,1,1,0,4,337873,54254,1
1,1,0,0,4,172887,355054,0
1,1,0,0,4,88320,1331216,0
1,1,1,0,4,182883,550054,1
1,1,1,0,4,38892,682618,1
1,1,0,0,4,83003,106515,1
1,1,0,0,4,664883,671868,1
1,1,1,0,4,889277,949692,1
1,1,0,0,4,88398,1723651,1
1,1,1,0,4,8832,860526,1
1,1,1,0,4,66060,1604550,1
1,1,0,0,4,556357,817384,1
1,1,0,0,4,181454,259130,0
1,1,1,0,4,1420193,834920,0
1,1,1,0,4,2304818,1388314,1
1,1,0,0,4,1080842,1814012,1
1,1,0,0,4,2690527,1046622,1
1,1,1,0,4,43261,1278468,1
1,1,1,0,4,334493,429046,1
1,1,1,0,4,39402,1795514,1
1,1,0,0,4,40920,1812284,1
1,1,0,0,4,9178448,735641,1
1,1,1,0,4,2879776,1940823,1
1,1,1,0,4,499309,1626376,1
1,1,0,0,4,5136608,1271975,1
1,1,0,0,4,993933,580073,1
1,1,1,0,4,969776,1653527,1
1,1,0,0,4,557468,34446,1
1,1,1,0,4,44356,1190204,1
1,1,1,0,4,2836514,1560908,1
1,1,1,0,4,73383,384527,0
1,1,1,0,4,34482,1349848,0
1,1,1,0,4,111865,1111988,1
1,1,1,0,4,2881496,1556707,1
1,1,0,0,4,8893,1019549,1
1,1,1,0,4,83402,1031696,1
1,1,1,0,4,12399,99250,1
1,1,0,0,4,338827,170541,1
1,1,1,0,4,1646984,881065,1
1,1,0,0,4,235562,1020736,1
1,1,1,0,4,78289,1980799,1
1,1,1,0,4,827826,107253,1
1,1,1,0,4,8872,1401715,1
1,1,1,0,4,88772,873890,1
1,1,0,0,4,95750,1123346,1
1,1,0,0,4,88922,289688,1
1,1,1,0,4,310982,1605378,0
1,1,0,0,4,25571,1377936,0
1,1,1,0,4,1190461,70333,1
1,1,1,0,4,942620,1394952,1
1,1,1,0,4,228892,1219560,1
1,1,0,0,4,673682,634287,1
1,1,0,0,4,469143,1965602,1
1,1,0,0,4,88778,1374407,1
1,1,1,0,4,80082,369737,1
1,1,0,0,4,110258,1234993,1
1,1,1,0,4,676389,1610152,1
1,1,1,0,4,521829,1782296,1
1,1,1,0,4,362707,959227,1
1,1,0,0,4,225393,21661,1
1,1,0,0,4,185821,642351,1
1,1,1,0,4,217415,257378,1
1,1,0,0,4,675794,467007,1
1,1,0,0,4,2394983,24041,1
1,1,1,0,4,1531203,655073,1
1,1,1,0,4,332332,1320018,1
1,1,1,0,4,1624644,1600694,1
1,1,1,0,4,438989,853475,1
1,1,1,0,4,499504,1967202,1
1,1,0,0,4,497037,1943565,1
1,1,0,0,4,37686,1722644,1
1,1,1,0,4,89782,1508315,1
1,1,1,0,4,9892,531946,0
1,1,1,0,4,34483,623746,1
1,1,1,0,4,36768,1083784,1
1,1,0,0,4,443978,1673770,1
1,1,1,0,4,333009,240246,1
1,1,1,0,4,313710,603122,1
1,1,1,0,4,251754,52407,1
1,1,1,0,4,376222,1227401,0
1,1,0,0,4,339201,1374435,1
1,1,0,0,4,233920,149365,1
1,1,1,0,4,129903,1413704,1
1,1,0,0,4,92011,1153709,1
1,1,1,0,4,523201,1115016,0
1,1,1,0,4,98992,1756354,0
1,1,1,0,4,459405,1410281,1
1,1,0,0,4,89892,436924,0
1,1,0,0,4,99802,52188,1
1,1,1,0,4,759659,475651,1
1,1,1,0,4,677999,1694351,1
1,1,1,0,4,1109899,550185,1
1,1,1,0,4,1102271,843327,1
1,1,0,0,4,1791646,1923033,0
1,1,0,0,4,1418606,788607,0
1,1,1,0,4,246159,251826,1
1,1,1,0,4,592038,1538255,1
1,1,1,0,4,470926,710221,1
1,1,1,0,4,1410034,635138,1
1,1,1,0,4,70131,1965457,1
1,1,1,0,4,778799,795614,1
1,1,1,0,4,289889,1705878,0
1,1,1,0,4,1391421,809909,0
1,1,1,0,4,99092,1839944,0
1,1,0,0,4,388922,1456120,1
1,1,0,0,4,354227,592367,1
1,1,0,0,4,777585,734569,1
1,1,1,0,4,7556765,1638204,1
1,1,1,0,4,7770458,331876,1
1,1,1,0,4,3323232,1415499,1
1,1,1,0,4,55435,1667402,1
1,1,1,0,4,1619529,1200043,1
1,1,1,0,4,334554,1535217,1
1,1,0,0,4,70206,423820,1
1,1,0,0,4,1223434,871310,1
1,1,0,0,4,647748,1873957,1
1,1,0,0,4,6362232,1145857,1
1,1,1,0,4,2209044,481617,1
1,1,0,0,4,445875,138692,1
1,1,1,0,4,677567,1385993,1
1,1,1,0,4,7690582,801294,1
1,1,0,0,4,1048175,1415990,1
1,1,0,0,4,247506,351005,1
1,1,1,0,4,667589,50327,1
1,1,0,0,4,1627368,982563,0
1,1,1,0,4,6674684,502854,0
1,1,0,0,4,4262342,74640,1
1,1,1,0,4,2149038,1856281,1
1,1,1,0,4,5546474,1345505,1
1,1,1,0,4,998947,1579767,1
1,1,1,0,4,1906695,144566,1
1,1,1,0,4,1754273,1189953,1
1,1,1,0,4,637773,896757,1
1,1,1,0,4,2156179,344909,1
1,1,1,0,4,1773873,1442892,1
1,1,0,0,4,33443,745512,1
1,1,0,0,4,7033,353572,1
1,1,0,0,4,334334,691394,1
1,1,1,0,4,319530,1481196,1
1,1,0,0,4,33213,1591615,1
1,1,1,0,4,778744,967520,1
1,1,0,0,4,807534,54418,1
1,1,1,0,4,33746,1173070,1
1,1,0,0,4,849146,582104,0
1,1,1,0,4,285956,273907,0
1,1,1,0,4,474947,505511,0
1,1,1,0,4,14127,466864,1
1,1,0,0,4,849948,957428,1
1,1,1,0,4,887499,1671523,1
1,1,1,0,4,1175661,1003302,1
1,1,0,0,4,849844,1738108,1
1,1,1,0,4,455633,513843,1
1,1,1,0,4,409107,1841057,1
1,1,0,0,4,673688,813890,1
1,1,1,0,4,418004,1776502,1
1,1,1,0,4,282915,1451550,1
1,1,1,0,4,907537,755104,1
1,1,0,0,4,344534,125910,1
1,1,1,0,4,455786,23733,0
1,1,1,0,4,1200330,390477,0
1,1,0,0,4,551224,888325,0
1,1,1,0,4,876844,405937,1
1,1,1,0,4,570068,1335647,1
1,1,1,0,4,878669,383336,1
1,1,1,0,4,557685,1812783,1
1,1,1,0,4,1059528,488766,1
1,1,1,0,4,558478,1175578,1
1,1,0,0,4,577889,760042,1
1,1,1,0,4,998866,430957,1
1,1,1,0,4,387480,544506,1
1,1,0,0,4,885880,1834766,1
1,1,0,0,4,763813,1615373,1
1,1,1,0,4,1305620,1527328,1
1,1,0,0,4,1294535,1230215,0
1,1,1,0,4,666585,1120920,1
1,1,1,0,4,857834,1243079,1
1,1,0,0,4,236190,248735,1
1,1,1,0,4,578999,1108079,1
1,1,0,0,4,559909,47034,1
1,1,1,0,4,1344177,1644310,1
1,1,1,0,4,485988,633983,0
1,1,1,0,4,1654426,54781,0
1,1,1,0,4,384056,1359536,1
1,1,0,0,4,558749,246442,1
1,1,1,0,4,554998,324374,1
1,1,1,0,4,1398498,1937878,1
1,1,1,0,4,1125143,837771,1
1,1,1,0,4,311705,329929,1
1,1,0,0,4,44532,588984,1
1,1,0,0,4,248837,174534,1
1,1,1,0,4,221506,715674,0
1,1,1,0,4,1750468,1465862,0
1,1,0,0,4,443800,1261562,1
1,1,0,0,4,2140617,535946,1
1,1,1,0,4,1595177,1811307,1
1,1,0,0,4,216033,1175378,1
1,1,1,0,4,448989,159973,1
1,1,0,0,4,725956,157283,1
1,1,1,0,4,988575,780618,1
1,1,0,0,4,1026632,1283954,1
1,1,1,0,4,213622,1224026,1
1,1,0,0,4,899859,1637765,1
1,1,1,0,4,897096,498508,1
1,1,0,0,4,558595,388994,1
1,1,0,0,4,344585,683435,1
1,1,1,0,4,878995,1358885,1
1,1,1,0,4,88850,582854,1
1,1,1,0,4,58473,1317846,0
1,1,1,0,4,763843,1374492,1
1,1,1,0,4,788590,950466,1
1,1,1,0,4,1430465,865702,1
1,1,1,0,4,338950,275660,1
1,1,0,0,4,550549,1371767,1
1,1,0,0,4,768958,454486,1
1,1,1,0,4,56975,300324,1
1,1,1,0,4,785948,1318107,1
1,1,1,0,4,425757,449894,1
1,1,1,0,4,785794,1365173,0
1,1,1,0,4,796431,403252,1
1,1,1,0,4,384985,1413099,0
1,1,1,0,4,1364747,380097,1
1,1,0,0,4,589421,750988,1
1,1,1,0,4,559808,496751,1
1,1,1,0,4,785794,1748157,1
1,1,1,0,4,449580,1396714,1
1,1,1,0,4,834010,1049551,1
1,1,0,0,4,558998,1239513,0
1,1,1,0,4,989844,206067,1
1,1,1,0,4,509488,1920483,1
1,1,0,0,4,1815689,840563,1
1,1,0,0,4,688000,1771544,0
1,1,1,0,4,1563675,100836,0
1,1,1,0,4,588003,1747806,0
1,1,1,0,4,844345,784102,0
1,1,0,0,4,1272226,1663430,0
1,1,1,0,4,55453,998844,1
1,1,1,0,4,556321,358589,1
1,1,1,0,4,324554,1242501,1
1,1,0,0,4,443533,260258,1
1,1,1,0,4,355887,1326312,1
1,1,1,0,4,1883783,1609588,1
1,1,1,0,4,4127894,793272,1
1,1,0,0,4,11378253,556491,1
1,1,1,0,4,989889,683981,1
1,1,1,0,4,488793,285468,1
1,1,1,0,4,7164225,528204,1
1,1,1,0,4,787489,790121,1
1,1,0,0,4,2235461,1553009,1
1,1,0,0,4,2425705,1935946,1
1,1,1,0,4,88444,1599911,1
1,1,1,0,4,88749,1962309,1
1,1,1,0,4,670437,1752705,0
1,1,1,0,4,80330,714573,0
1,1,0,0,4,756505,681637,0
1,1,1,0,4,855584,342595,0
1,1,1,0,4,748993,300738,0
1,1,1,0,4,990933,92746,1
1,1,1,0,4,849801,49158,1
1,1,1,0,4,2019309,1549552,1
1,1,0,0,4,888938,779938,1
1,1,0,0,4,443889,1401594,1
1,1,1,0,4,768579,155028,1
1,1,1,0,4,908088,442489,1
1,1,0,0,4,545580,1362699,1
1,1,0,0,4,796995,164291,1
1,1,0,0,4,559409,5294,0
1,1,1,0,4,859885,901476,0
1,1,1,0,4,2209636,1324336,1
1,1,1,0,4,556694,232268,1
1,1,0,0,4,655834,1337136,1
1,1,0,0,4,445909,130592,1
1,1,1,0,4,1898958,840545,0
1,1,1,0,4,1488376,230619,1
1,1,1,0,4,894895,12611,1
1,1,0,0,4,1398966,542794,0
1,1,1,0,4,554999,1221297,0
1,1,1,0,4,1011533,870742,1
1,1,1,0,4,78478,1938875,1
1,1,0,0,4,8894,1274347,1
1,1,0,0,4,88974,1114191,1
1,1,1,0,4,88947,931982,1
1,1,1,0,4,1584944,308880,1
1,1,1,0,4,342432,722132,1
1,1,1,0,4,1182360,264356,1
1,1,1,0,4,445998,608647,1
1,1,0,0,4,488984,1988615,1
1,1,0,0,4,1067165,758521,1
1,1,1,0,4,458744,475528,0
1,1,1,0,4,778894,534397,0
1,1,1,0,4,676846,437432,1
1,1,1,0,4,709691,1655808,1
1,1,0,0,4,1027577,1137900,1
1,1,1,0,4,1167078,492460,1
1,1,1,0,4,99488,916957,1
1,1,1,0,4,88443,315402,1
1,1,1,0,4,84013,192744,1
1,1,1,0,4,384893,1907621,1
1,1,1,0,4,548799,991447,0
1,1,1,0,4,598944,1406181,0
1,1,1,0,4,542758,841636,0
1,1,1,0,4,304888,704309,1
1,1,1,0,4,445985,1498280,1
1,1,1,0,4,89933,1571486,1
1,1,1,0,4,888733,1619420,1
1,1,1,0,4,338499,1604420,1
1,1,1,0,4,920672,1631474,1
1,1,1,0,4,1148933,15305,1
1,1,1,0,4,1009983,194731,1
1,1,1,0,4,88400,388803,1
1,1,1,0,4,487211,103881,1
1,1,1,0,3,2219639,155160,1
1,1,1,0,3,766405,290080,1
1,1,0,0,3,1187777,1377504,0
1,1,1,0,3,77484,1944754,0
1,1,1,0,3,488378,1102137,0
1,1,1,0,3,1288379,1795073,0
1,1,1,0,3,88374,1716036,1
1,1,1,0,3,126836,929000,1
1,1,1,0,3,165419,1167369,1
1,1,0,0,3,1762646,361384,1
1,1,0,0,3,1009839,1377992,1
1,1,1,0,3,1376279,272401,1
1,1,1,0,3,443329,639041,1
1,1,1,0,3,381865,1136559,1
1,1,1,0,3,208839,558354,1
1,1,1,0,3,840699,813535,1
1,1,1,0,3,684028,1204768,1
1,1,1,0,3,1457057,1615628,1
1,1,1,0,3,278378,446774,1
1,1,1,0,3,77837,57985,1
1,1,1,0,3,67368,880823,0
1,1,1,0,3,74997,1954860,1
1,1,1,0,3,218874,386027,1
1,1,0,0,3,88793,1223761,1
1,1,0,0,3,78732,32328,1
1,1,1,0,3,78389,1290750,1
1,1,1,0,3,34498,1547633,1
1,1,0,0,3,100989,1928579,1
1,1,1,0,3,87822,357048,1
1,1,0,0,3,113600,1799579,0
1,1,1,0,3,8823,914421,1
1,1,1,0,3,48884,979846,1
1,1,0,0,3,448733,29921,1
1,1,1,0,3,1284281,1758502,1
1,1,0,0,3,77827,988509,1
1,1,1,0,3,79988,16823,1
1,1,1,0,3,98988,529747,1
1,1,1,0,3,315880,1069352,1
1,1,1,0,3,705208,653490,1
1,1,1,0,3,748336,850029,0
1,1,1,0,3,435718,1067322,1
1,1,0,0,3,888334,980697,1
1,1,1,0,3,787933,164300,1
1,1,0,0,3,179070,914964,1
1,1,0,0,3,46773,852238,1
1,1,1,0,3,137748,876082,1
1,1,0,0,3,1348847,479839,0
1,1,1,0,3,355302,287872,1
1,1,1,0,3,1369601,430444,1
1,1,0,0,3,1175339,110764,1
1,1,1,0,3,784784,200773,1
1,1,1,0,3,558498,903040,0
1,1,0,0,3,277858,486811,1
1,1,1,0,3,699584,1121099,1
1,1,1,0,3,566474,35186,1
1,1,0,0,3,309888,235709,1
1,1,1,0,3,141253,55827,1
1,1,1,0,3,488599,873623,1
1,1,1,0,3,607913,32149,1
1,1,0,0,3,1267426,265947,1
1,1,1,0,3,214611,69310,1
1,1,1,0,3,512764,394607,1
1,1,1,0,3,111099,586881,1
1,1,0,0,3,288839,319883,1
1,1,1,0,3,499090,291321,1
1,1,0,0,3,865418,842087,1
1,1,0,0,3,1278730,969592,1
1,1,1,0,3,772804,986221,1
1,1,1,0,3,1197374,1040768,0
1,1,1,0,3,889289,775037,1
1,1,1,0,3,302909,227096,0
1,1,0,0,3,552480,664077,0
1,1,0,0,3,228478,13382,0
1,1,1,0,3,288444,615472,1
1,1,1,0,3,854736,1119201,1
1,1,1,0,3,234670,869779,0
1,1,1,0,3,895885,616856,0
1,1,0,0,3,57247,818851,0
1,1,1,0,3,851612,660727,0
1,1,1,0,3,78895,85321,0
1,1,1,0,3,448759,146061,1
1,1,0,0,3,33847,1136116,1
1,1,1,0,3,43229,574812,1
1,1,0,0,3,20990,989590,1
1,1,1,0,3,314453,199235,1
1,1,1,0,3,611706,547169,1
1,1,1,0,3,677584,693901,1
1,1,1,0,3,726469,305433,1
1,1,1,0,3,1183738,700998,1
1,1,1,0,3,67764,240439,1
1,1,1,0,3,57559,351458,0
1,1,1,0,3,742153,320937,0
1,1,0,0,3,877484,253934,0
1,1,1,0,3,1265595,416518,1
1,1,1,0,3,1506566,990083,0
1,1,0,0,3,54344,322089,0
1,1,0,0,3,5137,807325,0
1,1,1,0,3,51018,925583,0
1,1,1,0,3,45334,140236,0
1,1,1,0,3,285066,536209,0
1,1,0,0,3,428655,199350,0
1,1,0,0,3,288791,358508,1
1,1,1,0,3,65774,928258,1
1,1,1,0,3,186913,1081184,1
1,1,1,0,3,433844,787809,1
1,1,1,0,3,77887,80201,1
1,1,0,0,3,234863,262813,1
1,1,1,0,3,835015,194636,1
1,1,1,0,3,588475,724014,0
1,1,1,0,3,431472,510743,1
1,1,1,0,3,77785,825201,0
1,1,1,0,3,242723,429683,0
1,1,1,0,3,32445,875132,0
1,1,0,0,3,788958,505436,1
1,1,0,0,3,1206380,411329,1
1,1,1,0,3,244388,699915,1
1,1,1,0,3,280839,301716,1
1,1,1,0,3,1673720,798763,1
1,1,0,0,3,887449,471317,1
1,1,1,0,3,338499,275624,1
1,1,1,0,3,378874,979654,1
1,1,1,0,3,1883783,99663,1
1,1,1,0,3,477837,1146921,1
1,1,0,0,2,538919,286145,0
1,1,0,0,2,900834,579129,0
1,1,1,0,2,54483,396336,0
1,1,1,0,2,88859,697040,0
1,1,1,0,2,587609,579470,0
1,1,1,0,2,885948,267535,0
1,1,1,0,2,1041241,438020,0
1,1,1,0,2,44895,147625,0
1,1,1,0,2,55948,190003,1
1,1,1,0,2,38494,1098523,1
1,1,0,0,2,302080,768889,1
1,1,1,0,2,79998,704296,1
1,1,0,0,2,361269,53258,1
1,1,1,0,2,101951,61137,1
1,1,1,0,2,583604,186513,1
1,1,1,0,2,499787,80920,1
1,1,1,0,2,299075,176358,1
1,1,0,0,2,12784,168184,1
1,1,1,0,2,147960,139200,1
1,1,1,0,2,20788,142980,1
1,1,1,0,2,954911,146027,1
1,1,0,0,2,16846,139922,1
1,1,1,0,2,404031,11435,0
1,1,1,0,2,19883,150077,0
1,1,1,0,2,130436,6340,0
1,1,1,0,2,264646,117201,0
1,1,1,0,2,966358,71492,1
1,1,0,0,2,172206,113065,1
1,1,1,0,2,98803,74102,1
1,1,0,0,2,274093,143368,1
1,1,1,0,2,93940,26966,1
1,1,1,0,2,237799,39592,1
1,1,1,0,2,334090,98042,1
1,1,1,0,2,34898,42999,1
1,1,1,0,2,37229,7740,1
1,1,1,0,2,443634,197028,1
1,1,1,0,2,78849,87771,1
1,1,1,0,2,23445,183201,1
1,1,1,0,2,54434,776,1
1,1,1,0,2,98554,150482,1
1,1,1,0,2,8992,120547,0
1,1,1,0,2,289388,10056,0
1,1,1,0,2,77857,86324,0
1,1,1,0,2,88594,109042,1
1,1,1,0,2,854819,94596,1
1,1,1,0,2,45357,14478,1
1,1,1,0,2,89954,138412,1
1,1,0,0,2,39984,462,1
1,1,1,0,2,504989,159272,1
1,1,1,0,2,170812,181914,1
1,1,0,0,2,32998,116050,1
1,1,1,0,2,387451,129652,1
1,1,1,0,2,988597,6770,1
1,1,1,0,2,601737,187193,1
1,1,1,0,2,1078165,138562,0
1,1,1,0,2,854983,21589,1
1,1,1,0,2,272130,108291,1
1,1,0,0,2,23384,28236,0
1,1,0,0,2,48558,173691,1
1,1,1,0,2,29884,148587,1
1,1,1,0,2,58594,21686,1
1,1,1,0,2,44858,121309,0
1,1,0,0,2,795593,181816,0
1,1,0,0,2,88595,69314,1
1,1,1,0,2,256403,126512,1
1,1,1,0,2,99049,141183,1
1,1,0,0,2,75844,167519,1
1,1,1,0,2,4390,41460,1
1,1,1,0,2,6990,174187,0
1,1,1,0,2,703301,61677,1
1,1,1,0,2,78558,169113,0
1,1,1,0,2,48895,69580,0
1,1,0,0,2,242580,28573,1
1,1,0,0,2,23442,10924,1
1,1,1,0,2,216768,180383,1
1,1,1,0,2,20433,165364,1
1,1,1,0,2,778474,140747,1
1,1,0,0,2,361577,188035,1
1,1,1,0,2,29989,142771,1
1,1,1,0,2,98089,121361,0
1,1,1,0,2,27837,108040,0
1,1,1,0,2,20767,84855,1
1,1,1,0,2,3092,72627,1
1,1,1,0,2,39894,12133,1
1,1,1,0,2,23889,126543,1
1,1,1,0,2,10928,155034,1
1,1,0,0,2,39209,96796,1
1,1,0,0,2,4490,8762,1
1,1,1,0,2,93886,169292,0
1,1,1,0,2,29894,16685,1
1,1,1,0,1,59365,58878,0
1,1,1,0,1,58409,72761,1
1,1,0,0,1,25885,13416,1
1,1,1,0,1,28822,1979,0
1,1,1,0,1,54296,19833,1
1,1,0,0,1,12093,11658,1
1,1,0,0,1,17998,16117,0
1,1,1,0,1,21340,19266,0
1,1,1,0,1,3453,42508,1
1,1,1,0,1,58542,76268,0
1,1,0,0,1,34554,13643,0
1,1,1,0,1,5443,14809,0
1,1,0,0,1,65645,69112,1
1,1,1,0,1,32094,21993,0
1,1,1,0,1,16736,84289,1
1,1,1,0,1,7026,114143,0
1,1,1,0,1,77850,118312,0
1,1,0,0,1,23884,148998,1
1,1,1,0,1,44355,54346,0
0,1,0,0,0,1739,0,0
0,1,0,0,1,73252,2067,0
0,1,0,0,2,187827,13280,0
0,0,0,0,0,0,0,0
0,0,0,0,0,402382,0,0
0,0,0,0,0,440127,0,0
0,0,0,0,0,0,0,0
0,1,0,0,0,0,0,0
0,0,0,0,0,0,0,0
0,1,0,0,0,0,0,0
0,0,0,0,0,0,0,0
0,0,0,0,0,0,0,0
0,0,0,0,0,0,0,0
0,0,0,0,0,0,0,0
0,0,0,0,2,288887,13898,0
0,1,0,0,0,0,0,0
0,0,0,0,3,4849687,1543,1
0,0,0,0,0,172022,0,0
0,0,0,0,0,0,0,0
0,1,0,0,0,3228651,0,0
0,0,0,0,0,2734552,0,0
0,0,0,0,0,0,0,0
0,0,0,0,0,0,0,0
0,0,0,0,0,0,0,0
0,0,0,0,0,0,0,0
0,0,0,0,0,0,0,0
0,0,0,0,0,0,0,0
0,1,0,0,0,0,0,0
0,0,0,0,1,6498,342,0
0,0,0,0,0,0,0,0
0,0,0,0,0,0,0,0
0,0,0,0,0,0,0,0
0,0,0,0,0,0,0,0
0,0,0,0,3,8369073,54322,1
0,0,0,0,0,0,0,0
0,0,0,0,2,3110205,2113,0
0,0,0,0,0,0,0,0
0,0,0,0,0,7831953,0,0
0,0,0,0,0,0,0,0
0,0,0,0,0,0,0,0
0,0,0,0,0,571544,0,0
0,0,0,0,2,2096575,4598,0
0,0,0,0,0,0,0,0
0,0,0,0,1,6465336,0,0
0,0,0,0,0,0,0,0
0,0,0,0,0,0,0,0
0,0,0,0,0,6067033,0,0
0,0,0,0,0,0,0,0
0,0,0,0,3,1157157,39844,0
0,0,0,0,0,0,0,0
0,0,0,0,0,3411855,0,0
0,0,0,0,2,7167122,20533,0
0,0,0,0,0,0,0,0
0,0,0,0,0,0,0,0
0,0,0,0,0,837280,0,0
0,0,0,0,0,595698,0,0
0,0,0,0,3,183649,43222,0
0,0,0,0,0,66450,0,0
0,0,0,0,0,0,0,0
0,0,0,0,0,0,0,0
0,0,0,0,0,0,0,0
0,0,0,0,0,0,0,0
0,0,0,0,0,0,0,0
0,0,0,0,0,0,0,0
0,1,0,0,0,4740595,0,0
0,0,0,0,0,1879971,0,0
0,0,0,0,0,0,0,0
0,0,0,0,0,0,0,0
0,1,0,0,0,0,0,0
0,0,0,0,0,0,0,0
0,0,0,0,0,0,0,0
0,0,0,0,0,0,0,0
0,0,0,0,0,2674068,0,0
0,0,0,0,0,0,0,0
0,0,0,0,3,20382923,934245,0
0,0,0,0,0,1222001,0,0
0,0,0,0,0,0,0,0
0,0,0,0,0,0,0,0
0,0,0,0,0,0,0,0
0,0,0,0,0,0,0,0
0,0,0,0,0,0,0,0
0,0,0,0,0,0,0,0
0,0,0,0,0,0,0,0
0,0,0,0,0,0,0,0
0,0,0,0,0,963979,0,0
0,0,0,0,2,10972488,142344,0
0,1,0,0,0,0,0,0
0,0,0,0,0,2833383,0,0
0,0,0,0,0,112452,0,0
0,0,0,0,0,0,0,0
0,0,0,0,0,0,0,0
0,0,0,0,0,0,0,0
0,0,0,0,0,0,0,0
0,1,0,0,0,0,0,0
0,0,0,0,0,0,0,0
0,0,0,0,0,258104,0,0
0,0,0,0,0,0,0,0
0,0,0,0,0,0,0,0
0,0,0,0,0,3098817,0,0
0,0,0,0,0,0,0,0
0,0,0,0,0,0,0,0
0,0,0,0,0,0,0,0
0,0,0,0,0,0,0,0
0,0,0,0,0,5661114,0,0
0,0,0,0,0,0,0,0
0,0,0,0,0,0,0,0
0,0,0,0,0,5641959,0,0
0,0,0,0,0,0,0,0
0,0,0,0,0,1748153,0,0
0,0,0,0,0,0,0,0
0,1,0,0,0,739323,0,0
0,0,0,0,0,0,0,0
0,0,0,0,0,0,0,0
0,0,0,0,0,0,0,0
0,0,0,0,0,0,0,0
0,0,0,0,0,0,0,0
0,1,0,0,0,0,0,0
0,0,0,0,0,0,0,0
0,0,0,0,0,0,0,0
0,0,0,0,0,8114,0,0
0,0,0,0,0,0,0,0
0,0,0,0,0,4355901,0,0
0,0,0,0,0,0,0,0
0,0,0,0,0,2096852,0,0
0,0,0,0,0,0,0,0
0,0,0,0,0,5658174,0,0
0,0,0,0,0,0,0,0
0,0,0,0,0,663537,0,0
0,0,0,0,0,2331406,0,0
0,0,0,0,0,0,0,0
0,0,0,0,0,4881555,0,0
0,0,0,0,0,0,0,0
0,0,0,0,0,3599012,0,0
0,0,0,0,1,10222231,0,0
0,0,0,0,0,5789226,0,0
0,0,0,0,0,5986237,0,0
0,0,0,0,0,0,0,0
0,0,0,0,0,214655,0,0
0,0,0,0,1,3708589,0,0
0,0,0,0,0,0,0,0
0,0,0,0,0,0,0,0
0,0,0,0,0,0,0,0
0,0,0,0,0,1657726,0,0
0,0,0,0,0,0,0,0
0,0,0,0,0,2595674,0,0
0,0,0,0,0,0,0,0
0,0,0,0,0,0,0,0
0,0,0,0,0,5217159,0,0
0,0,0,0,0,0,0,0
0,0,0,0,0,1431099,0,0
0,0,0,0,0,0,0,0
0,0,0,0,0,505713,0,0
0,0,0,0,0,31579,0,0
0,0,0,0,0,0,0,0
0,0,0,0,0,6887647,0,0
0,0,0,0,0,0,0,0
0,0,0,0,0,0,0,0
0,1,0,0,0,0,0,0
0,0,0,0,0,292597,0,0
0,0,0,0,0,712665,0,0
0,1,0,0,0,144619,0,0
0,0,0,0,0,5997,0,0
0,0,0,0,0,0,0,0
0,0,0,0,0,0,0,0
0,0,0,0,0,1186545,0,0
0,0,0,0,0,0,0,0
0,0,0,0,0,2772849,0,0
0,0,0,0,0,0,0,0
0,0,0,0,0,274842,0,0
0,0,0,0,0,0,0,0
0,0,0,0,0,0,0,0
0,0,0,0,0,0,0,0
0,1,0,0,0,0,0,0
0,0,0,0,0,1722716,0,0
0,0,0,0,0,3786,0,0
0,0,0,0,0,2355325,0,0
0,0,0,0,0,4874396,0,0
0,0,0,0,0,0,0,0
0,0,0,0,0,0,0,0
0,0,0,0,0,0,0,0
0,0,0,0,0,0,0,0
0,1,0,0,0,4097996,0,0
0,0,0,0,0,430773,0,0
0,0,0,0,0,474424,0,0
0,0,0,0,0,0,0,0
0,0,0,0,0,2363230,0,0
0,0,0,0,0,5506585,0,0
0,0,0,0,0,5631171,0,0
0,0,0,0,0,0,0,0
0,0,0,0,0,0,0,0
0,1,0,0,0,1161075,0,0
0,0,0,0,0,0,0,0
0,0,0,0,0,0,0,0
0,0,0,0,0,0,0,0
0,0,0,0,0,0,0,0
0,0,0,0,0,0,0,0
0,0,0,0,0,5474157,0,0
0,0,0,0,0,0,0,0
0,0,0,0,0,0,0,0
0,0,0,0,0,4742661,0,0
0,0,0,0,0,0,0,0
0,0,0,0,0,0,0,0
0,0,0,0,0,0,0,0
0,0,0,0,0,0,0,0
0,0,0,0,0,0,0,1
0,0,0,0,0,0,0,0
0,0,0,0,0,0,0,0
0,0,0,0,0,0,0,0
0,0,0,0,0,0,0,0
0,0,0,0,0,0,0,0
0,0,0,0,0,0,0,0
0,0,0,0,0,475923,0,0
0,0,0,0,0,0,0,0
0,0,0,0,0,158473,0,0
0,0,0,0,0,0,0,0
0,0,0,0,0,0,0,0
0,0,0,0,1,10213275,0,0
0,0,0,0,0,0,0,0
0,0,0,0,0,0,0,0
0,0,0,0,0,0,0,0
0,0,0,0,0,0,0,0
0,0,0,0,0,0,0,0
0,0,0,0,0,5055757,0,0
0,0,0,0,0,38514,0,0
0,0,0,0,0,6917,0,0
0,0,0,0,0,157914,0,0
0,0,0,0,0,0,0,0
0,0,0,0,0,1262702,0,0
0,0,0,0,0,0,0,0
0,0,0,0,0,0,0,0
0,0,0,0,0,3887873,0,0
0,0,0,0,0,0,0,0
0,0,0,0,0,0,0,0
0,0,0,0,0,2539217,0,0
0,0,0,0,0,4532113,0,0
0,0,0,0,0,5801920,0,0
0,0,0,0,0,442700,0,0
0,0,0,0,0,0,0,0
0,0,0,0,0,1364396,0,0
0,0,0,0,0,131221,0,0
0,0,0,0,0,421245,0,0
0,0,0,0,0,0,0,0
0,0,0,0,0,2973755,0,0
0,0,0,0,1,1468010,0,0
0,0,0,0,0,0,0,0
0,1,0,0,0,3548822,0,0
0,0,0,0,0,0,0,0
0,0,0,0,0,0,0,0
0,0,0,0,0,0,0,0
0,0,0,0,0,0,0,0
0,0,0,0,0,0,0,0
0,0,0,0,0,0,0,0
0,0,0,0,0,5082977,0,0
0,0,0,0,0,2988593,0,0
0,0,0,0,0,1417142,0,0
0,0,0,0,0,0,0,0
0,0,0,0,0,0,0,0
0,0,0,0,0,1679045,0,0
0,0,0,0,0,20632,0,0
0,0,0,0,0,0,0,0
0,0,0,0,1,8985714,0,0
0,0,0,0,0,0,0,0
0,0,0,0,0,0,0,0
0,0,0,0,0,0,0,0
0,0,0,0,0,0,0,0
0,0,0,0,0,0,0,0
0,0,0,0,0,273157,0,0
0,0,0,0,2,5187011,0,1
0,0,0,0,0,0,0,0
0,0,0,0,0,0,0,0
0,0,0,0,0,0,0,0
0,0,0,0,0,4082526,0,0
0,0,0,0,0,0,0,0
0,0,0,0,0,0,0,0
0,1,0,0,0,0,0,0
0,0,0,0,0,0,0,0
0,0,0,0,0,0,0,0
0,0,0,0,0,0,0,0
0,0,0,0,0,1207052,0,0
0,1,0,0,0,1620618,0,0
0,0,0,0,0,783959,0,0
0,0,0,0,0,0,0,0
0,0,0,0,0,9856497,0,0
0,0,0,0,0,3008172,0,0
0,0,0,0,0,0,0,0
0,0,0,0,0,215558,0,0
0,0,0,0,0,0,0,0
0,1,0,0,0,0,0,0
0,0,0,0,0,5236246,0,0
0,0,0,0,0,1763236,0,0
0,0,0,0,0,0,0,0
0,0,0,0,0,7786329,0,0
0,0,0,0,0,0,0,0
0,0,0,0,0,0,0,0
0,0,0,0,0,0,0,0
0,0,0,0,0,0,0,0
0,0,0,0,0,0,0,0
0,1,0,0,0,0,0,0
0,0,0,0,0,2202647,0,0
0,0,0,0,0,5485733,0,0
0,0,0,0,0,0,0,0
0,0,0,0,0,7877400,0,0
0,1,0,0,2,15742868,329822,0
0,0,0,0,0,0,0,0
0,0,0,0,0,0,0,0
0,0,0,0,0,0,0,0
0,0,0,0,2,3411139,0,0
0,0,0,0,0,302862,0,0
0,0,0,0,0,0,0,0
0,0,0,0,0,0,0,0
0,0,0,0,0,323627,0,0
0,0,0,0,0,0,0,0
0,0,0,0,0,96129,0,0
0,0,0,0,0,4690554,0,0
0,0,0,0,0,2661807,0,0
0,0,0,0,0,2340991,0,0
0,0,0,0,5,5198022,1280,1
0,0,0,0,0,1651613,0,0
0,0,0,0,0,0,0,0
0,0,0,0,0,15516333,0,0
0,0,0,0,0,275764,0,0
0,0,0,0,0,0,0,0
0,1,0,0,0,0,0,0
0,0,0,0,3,1414858,0,0
0,0,0,0,0,10462,0,0
0,0,0,0,0,0,0,0
0,0,0,0,0,0,0,0
0,0,0,0,0,0,0,0
0,0,0,0,0,0,0,0
0,0,0,0,0,3635867,0,0
0,0,0,0,0,3982431,0,0
0,0,0,0,0,0,0,0
0,0,0,0,0,69813,0,0
0,1,0,0,1,7059699,0,0
0,0,0,0,0,8059,0,0
0,0,0,0,0,0,0,0
0,0,0,0,0,0,0,0
0,0,0,0,0,355580,0,0
0,0,0,0,2,4184447,37754,0
0,0,0,0,0,629046,0,0
0,0,0,0,0,0,0,0
0,0,0,0,0,0,0,0
0,0,0,0,0,0,0,0
0,0,0,0,0,391322,0,0
0,0,0,0,0,0,0,0
0,0,0,0,0,0,0,0
0,0,0,0,0,0,0,0
0,0,0,0,0,0,0,0
0,1,0,0,2,16550321,2376,0
0,0,0,0,0,0,0,0
0,0,0,0,0,129861,0,0
0,0,0,0,1,2128610,0,0
0,0,0,0,0,0,0,0
0,0,0,0,0,0,0,0
0,0,0,0,0,2499291,0,0
0,0,0,0,0,0,0,0
0,0,0,0,0,1864084,0,0
0,0,0,0,0,0,0,0
0,0,0,0,0,0,0,0
0,0,0,0,2,1528224,4312,0
0,0,0,0,0,0,0,0
0,0,0,0,0,0,0,0
0,0,0,0,0,2362503,0,0
0,0,0,0,0,0,0,0
0,0,0,0,0,0,0,0
0,0,0,0,2,3483327,0,1
0,0,0,0,0,0,0,0
0,1,0,0,0,7831421,0,0
0,0,0,0,0,0,0,0
0,0,0,0,0,5697721,0,0
0,0,0,0,0,0,0,0
0,1,0,0,0,4698302,0,0
0,0,0,0,0,306536,0,0
0,0,0,0,0,0,0,0
0,0,0,0,0,306552,0,0
0,0,0,0,0,0,0,0
0,0,0,0,0,0,0,0
0,0,0,0,0,1160666,0,0
0,0,0,0,0,16917207,0,0
0,0,0,0,0,0,0,0
0,0,0,0,0,17541735,0,0
0,0,0,0,0,0,0,0
0,0,0,0,0,4330442,0,0
0,0,0,0,0,258574,0,0
0,0,0,0,0,0,0,0
0,0,0,0,0,0,0,0
0,0,0,0,0,0,0,0
0,0,0,0,0,0,0,0
0,0,0,0,0,91988,0,0
0,0,0,0,0,1936059,0,0
0,0,0,0,0,2052788,0,0
0,0,0,0,0,0,0,0
0,0,0,0,0,0,0,0
0,0,0,0,0,0,0,0
0,0,0,0,0,0,0,0
0,0,0,0,0,2130525,0,0
0,0,0,0,0,0,0,0
0,0,0,0,0,5116440,0,0
0,0,0,0,0,0,0,0
0,0,0,0,0,0,0,0
0,0,0,0,0,9892707,0,0
0,0,0,0,0,0,0,0
0,0,0,0,0,0,0,0
0,1,0,0,0,0,0,0
0,1,0,0,0,0,0,0
0,0,0,0,0,11457355,0,0
0,0,0,0,0,0,0,0
0,0,0,0,0,5053677,0,0
0,0,0,0,0,0,0,0
0,0,0,0,0,0,0,0
0,0,0,0,0,0,0,0
0,0,0,0,0,0,0,0
0,0,0,0,0,12752932,0,0
0,0,0,0,0,737513,0,0
0,0,0,0,0,0,0,0
0,0,0,0,0,0,0,0
0,0,0,0,0,0,0,0
0,0,0,0,0,0,0,0
0,0,0,0,0,0,0,0
0,0,0,0,0,0,0,0
0,1,0,0,0,0,0,0
0,0,0,0,0,26802487,0,0
0,0,0,0,0,216844,0,0
0,0,0,0,0,6209188,0,0
0,1,0,0,0,476368,0,0
0,0,0,0,0,2536405,0,0
0,0,0,0,0,2398720,0,0
0,0,0,0,0,0,0,0
0,0,0,0,0,4423723,0,0
0,0,0,0,0,189903,0,0
0,0,0,0,0,3916149,0,0
0,0,0,0,0,1190200,0,0
0,0,0,0,0,11751368,0,0
0,0,0,0,0,241453,0,0
0,0,0,0,0,0,0,0
0,0,0,0,0,7491501,0,0
0,0,0,0,0,10450368,0,0
0,0,0,0,0,0,0,0
0,0,0,0,0,1594296,0,0
0,0,0,0,0,84749,0,0
0,0,0,0,0,3686972,0,0
0,0,0,0,0,0,0,0
0,0,0,0,0,0,0,0
0,0,0,0,0,0,0,0
0,0,0,0,0,2434827,0,0
0,0,0,0,0,0,0,0
0,0,0,0,0,0,0,0
0,0,0,0,0,0,0,0
0,0,0,0,0,0,0,0
0,0,0,0,0,0,0,0
0,0,0,0,0,0,0,0
0,0,0,0,0,0,0,0
0,0,0,0,0,0,0,0
0,0,0,0,0,13176691,0,0
0,0,0,0,0,11044106,0,0
0,0,0,0,0,2557429,0,0
0,0,0,0,0,0,0,0
0,0,0,0,0,745471,0,0
0,0,0,0,0,0,0,0
0,0,0,0,0,623427,0,0
0,0,0,0,0,0,0,0
0,0,0,0,0,0,0,0
0,0,0,0,0,0,0,0
0,0,0,0,0,0,0,0
0,0,0,0,0,0,0,0
0,0,0,0,0,1005210,0,0
0,0,0,0,0,0,0,0
0,0,0,0,0,0,0,0
0,0,0,0,0,0,0,0
0,0,0,0,0,0,0,0
0,0,0,0,0,0,0,0
0,0,0,0,0,1446451,0,0
0,0,0,0,0,0,0,0
0,0,0,0,0,4068799,0,0
0,0,0,0,0,0,0,0
0,0,0,0,0,0,0,0
0,0,0,0,0,0,0,0
0,0,0,0,3,21404471,0,0
0,0,0,0,0,0,0,0
0,0,0,0,0,1711467,0,0
0,0,0,0,0,0,0,0
0,0,0,0,0,13402334,0,0
0,1,0,0,0,307930,0,0
0,0,0,0,0,5334220,0,0
0,0,0,0,0,0,0,0
0,0,0,0,0,0,0,0
0,0,0,0,0,0,0,0
0,0,0,0,0,0,0,0
0,0,0,0,0,0,0,0
0,0,0,0,0,566003,0,0
0,1,0,0,0,9895551,0,0
0,0,0,0,0,1733844,0,0
0,0,0,0,0,0,0,0
0,0,0,0,3,3877491,338721,0
0,0,0,0,0,0,0,0
0,0,0,0,0,0,0,0
0,0,0,0,0,0,0,0
0,0,0,0,0,0,0,0
0,0,0,0,0,0,0,0
0,0,0,0,0,1969916,0,0
0,0,0,0,0,0,0,0
0,1,0,0,0,3002901,0,0
0,0,0,0,0,0,0,0
0,0,0,0,0,0,0,0
0,0,0,0,0,1281085,0,0
0,0,0,0,0,0,0,0
0,0,0,0,0,0,0,0
0,0,0,0,0,217149,0,0
0,1,0,0,0,0,0,0
0,0,0,0,0,0,0,0
0,0,0,0,0,0,0,0
0,1,0,0,0,2159980,0,0
0,0,0,0,0,0,0,0
0,0,0,0,0,0,0,0
0,0,0,0,0,1193119,0,0
0,0,0,0,0,0,0,0
0,0,0,0,0,0,0,0
0,0,0,0,0,0,0,0
0,0,0,0,0,0,0,0
0,0,0,0,1,18252880,30340,0
0,0,0,0,0,0,0,0
0,0,0,0,0,2874208,0,0
0,0,0,0,0,6340539,0,0
0,0,0,0,0,0,0,0
0,0,0,0,0,3583311,0,0
0,0,0,0,0,3887302,0,0
0,0,0,0,0,471030,0,0
0,0,0,0,0,0,0,0
0,0,0,0,0,0,0,0
0,0,0,0,0,0,0,0
0,0,0,0,0,0,0,0
0,0,0,0,0,0,0,0
0,0,0,0,0,2758539,0,0
0,0,0,0,0,0,0,0
0,0,0,0,0,1668358,0,0
0,0,0,0,0,0,0,0
0,0,0,0,0,0,0,0
0,0,0,0,1,286880,0,0
0,1,0,0,0,2623541,0,0
0,0,0,0,0,0,0,0
0,0,0,0,0,0,0,0
0,0,0,0,0,301668,0,0
0,0,0,0,0,0,0,0
0,0,0,0,0,1318757,0,0
0,0,0,0,0,6540497,0,0
0,0,0,0,0,18877840,0,0
0,0,0,0,0,3628055,0,0
0,0,0,0,0,0,0,0
0,0,0,0,0,0,0,0
0,0,0,0,0,95598,0,0
0,0,0,0,0,0,0,0
0,0,0,0,0,0,0,0
0,0,0,0,0,0,0,0
0,0,0,0,2,6908875,0,0
0,0,0,0,0,0,0,0
0,0,0,0,3,4453635,36380,1
0,0,0,0,0,0,0,0
0,1,0,0,0,1341145,0,0
0,0,0,0,0,0,0,0
0,0,0,0,0,0,0,0
0,0,0,0,0,0,0,0
0,0,0,0,2,5491092,32233,0
0,0,0,0,0,0,0,0
0,0,0,0,0,1847502,0,0
0,0,0,0,0,0,0,0
0,0,0,0,0,0,0,0
0,0,0,0,0,0,0,0
0,1,0,0,0,7447526,0,0
0,0,0,0,0,0,0,0
0,0,0,0,0,0,0,0
0,0,0,0,0,0,0,0
0,1,0,0,0,0,0,0
0,0,0,0,0,0,0,0
0,0,0,0,0,2022035,0,0
0,0,0,0,0,0,0,0
0,0,0,0,0,0,0,0
0,0,0,0,0,0,0,0
0,0,0,0,0,6965137,0,0
0,0,0,0,0,0,0,0
0,0,0,0,0,1871186,0,0
0,0,0,0,0,0,0,0
0,0,0,0,0,1005928,0,0
0,0,0,0,0,0,0,0
0,0,0,0,0,0,0,0
0,0,0,0,0,8404,0,0
0,0,0,0,0,0,0,0
0,1,0,0,0,19659194,0,0
0,0,0,0,0,1031628,0,0
0,0,0,0,0,0,0,0
0,0,0,0,0,0,0,0
0,0,0,0,4,30805850,32324,0
0,0,0,0,0,2030685,0,0
0,0,0,0,0,2498231,0,0
0,1,0,0,0,6994623,0,0
0,0,0,0,0,0,0,0
0,0,0,0,0,1908771,0,0
0,0,0,0,0,5733702,0,0
0,0,0,0,0,0,0,0
0,0,0,0,0,0,0,0
0,0,0,0,0,0,0,0
0,0,0,0,0,3793949,0,0
0,0,0,0,2,3853513,0,0
0,0,0,0,0,4078830,0,0
0,0,0,0,0,2378098,0,0
0,0,0,0,0,0,0,0
0,1,0,0,0,1886831,0,0
0,0,0,0,0,0,0,0
0,0,0,0,0,1073454,0,0
0,0,0,0,0,0,0,0
0,0,0,0,0,2445865,0,0
0,0,0,0,0,509765,0,0
0,0,0,0,0,0,0,0
0,0,0,0,0,0,0,0
0,1,0,0,0,4280070,0,0
0,0,0,0,0,0,0,0
0,0,0,0,0,0,0,0
0,0,0,0,0,0,0,0
0,0,0,0,0,1572865,0,0
0,0,0,0,0,0,0,0
0,0,0,0,0,4150859,0,0
0,0,0,0,0,0,0,0
0,0,0,0,0,0,0,0
0,0,0,0,0,0,0,0
0,0,0,0,0,0,0,0
0,1,0,0,0,0,0,0
0,0,0,0,0,0,0,0
0,0,0,0,0,8757893,0,0
0,0,0,0,0,0,0,0
0,0,0,0,0,1789600,0,0
0,0,0,0,0,1015292,0,0
0,0,0,0,0,2821045,0,0
0,0,0,0,0,0,0,0
0,0,0,0,0,4947385,0,0
0,0,0,0,0,0,0,0
0,0,0,0,0,67778,0,0
0,0,0,0,0,0,0,0
0,0,0,0,1,9439177,0,0
0,0,0,0,0,0,0,0
0,0,0,0,0,0,0,0
0,0,0,0,0,0,0,0
0,0,0,0,2,2930119,194432,0
0,0,0,0,0,0,0,0
0,0,0,0,0,0,0,0
0,0,0,0,0,0,0,0
0,0,0,0,0,0,0,0
0,0,0,0,0,1571437,0,0
0,0,0,0,0,346672,0,0
0,0,0,0,0,0,0,0
0,0,0,0,0,0,0,0
0,0,0,0,0,0,0,0
0,0,0,0,0,0,0,0
0,0,0,0,0,5261546,0,0
0,0,0,0,0,3249803,0,0
0,1,0,0,0,3862648,0,0
0,0,0,0,0,1836779,0,0
0,0,0,0,0,0,0,0
0,0,0,0,0,0,0,0
0,1,0,0,0,0,0,0
0,0,0,0,0,0,0,0
0,0,0,0,0,0,0,0
0,0,0,0,0,0,0,0
0,1,0,0,0,374409,0,0
0,0,0,0,0,0,0,0
0,0,0,0,0,271038,0,0
0,0,0,0,0,0,0,0
0,0,0,0,0,0,0,0
0,0,0,0,0,0,0,0
0,0,0,0,0,0,0,0
0,0,0,0,0,0,0,0
0,0,0,0,0,1800185,0,0
0,0,0,0,0,69381,0,0
0,0,0,0,0,1989180,0,0
0,0,0,0,0,0,0,0
0,0,0,0,0,0,0,0
0,0,0,0,0,0,0,0
0,0,0,0,0,0,0,0
0,0,0,0,0,0,0,0
0,0,0,0,0,0,0,0
0,0,0,0,0,0,0,0
0,0,0,0,0,0,0,0
0,0,0,0,1,5876600,0,0
0,0,0,0,0,0,0,0
0,0,0,0,0,98478,0,0
0,0,0,0,0,0,0,0
0,0,0,0,0,0,0,0
0,0,0,0,0,355440,0,0
0,0,0,0,0,0,0,0
0,0,0,0,0,0,0,0
0,0,0,0,0,0,0,1
0,0,0,0,0,0,0,0
0,0,0,0,0,435288,0,0
0,0,0,0,0,0,0,0
0,0,0,0,0,0,0,0
0,0,0,0,2,3912683,0,0
0,0,0,0,0,71385,0,0
0,0,0,0,0,1345690,0,0
0,0,0,0,0,4430866,0,0
0,0,0,0,0,0,0,0
0,0,0,0,0,0,0,0
0,0,0,0,0,0,0,0
0,0,0,0,0,0,0,0
0,0,0,0,0,3424616,0,0
0,0,0,0,0,309887,0,0
0,0,0,0,0,0,0,0
0,0,0,0,1,9740825,0,0
0,0,0,0,0,5405269,0,0
0,0,0,0,0,0,0,0
0,0,0,0,0,0,0,0
0,0,0,0,0,637385,0,0
0,0,0,0,0,0,0,0
0,0,0,0,0,0,0,0
0,0,0,0,0,0,0,0
0,0,0,0,0,0,0,0
0,0,0,0,0,0,0,0
0,1,0,0,0,3351525,0,0
0,0,0,0,0,0,0,0
0,0,0,0,0,0,0,0
0,0,0,0,0,2561744,0,0
0,0,0,0,0,485006,0,0
0,0,0,0,0,0,0,0
0,1,0,0,0,6308056,0,0
0,0,0,0,0,0,0,0
0,0,0,0,0,0,0,0
0,0,0,0,0,1420880,0,0
0,0,0,0,0,480126,0,0
0,0,0,0,0,0,0,0
0,0,0,0,0,959164,0,0
0,0,0,0,0,6382182,0,0
0,0,0,0,0,0,0,0
0,0,0,0,0,3684228,0,0
0,0,0,0,0,0,0,0
0,0,0,0,0,1307038,0,0
0,0,0,0,0,1759273,0,0
0,0,0,0,0,0,0,0
0,0,0,0,0,0,0,0
0,0,0,0,0,0,0,0
0,0,0,0,0,8038412,0,0
0,0,0,0,0,0,0,0
0,0,0,0,2,4735891,43584,1
0,0,0,0,0,0,0,0
0,0,0,0,0,0,0,0
0,0,0,0,0,0,0,0
0,0,0,0,2,13513722,239443,0
0,0,0,0,0,0,0,0
0,0,0,0,0,0,0,0
0,0,0,0,0,143163,0,0
0,0,0,0,0,0,0,0
0,0,0,0,0,0,0,0
0,0,0,0,0,0,0,0
0,0,0,0,0,0,0,0
0,0,0,0,0,0,0,0
0,0,0,0,0,4504897,0,0
0,0,0,0,0,0,0,0
0,0,0,0,0,0,0,0
0,0,0,0,0,1851068,0,0
0,0,0,0,0,0,0,0
0,0,0,0,0,0,0,0
0,0,0,0,0,0,0,0
0,0,0,0,0,6695854,0,0
0,0,0,0,1,3150182,0,0
0,1,0,0,0,8090616,0,0
0,0,0,0,0,0,0,0
0,0,0,0,0,0,0,0
0,0,0,0,0,0,0,0
0,0,0,0,0,0,0,0
0,0,0,0,0,0,0,0
0,0,0,0,0,0,0,0
0,1,0,0,0,0,0,0
0,0,0,0,0,0,0,0
0,0,0,0,0,0,0,0
0,0,0,0,0,7878924,0,0
0,0,0,0,0,2112610,0,0
0,0,0,0,0,0,0,0
0,0,0,0,0,0,0,0
0,0,0,0,0,766435,0,0
0,0,0,0,0,0,0,0
0,0,0,0,0,0,0,0
0,0,0,0,0,0,0,0
0,0,0,0,0,5749165,0,0
0,1,0,0,0,1283583,0,0
0,0,0,0,0,0,0,0
0,0,0,0,0,0,0,0
0,0,0,0,0,0,0,0
0,0,0,0,0,1808315,0,0
0,0,0,0,0,0,0,0
0,0,0,0,0,0,0,0
0,0,0,0,0,5939978,0,0
0,0,0,0,0,878269,0,0
0,1,0,0,0,7150434,0,0
0,0,0,0,0,0,0,0
0,0,0,0,0,7793635,0,0
0,0,0,0,0,627842,0,0
0,0,0,0,0,0,0,0
0,0,0,0,0,0,0,0
0,0,0,0,0,0,0,0
0,0,0,0,0,2104310,0,0
0,0,0,0,0,0,0,0
0,0,0,0,0,0,0,0
0,0,0,0,1,1887576,0,0
0,0,0,0,0,2526106,0,0
0,0,0,0,0,184182,0,0
0,0,0,0,0,3526177,0,0
0,0,0,0,0,0,0,0
0,0,0,0,0,301287,0,0
0,0,0,0,0,0,0,0
0,0,0,0,0,0,0,0
0,0,0,0,0,1946347,0,0
0,0,0,0,0,0,0,0
0,0,0,0,0,0,0,0
0,1,0,0,1,10444184,8743820,0
0,0,0,0,0,0,0,0
0,0,0,0,0,0,0,0
0,0,0,0,0,233229,0,0
0,0,0,0,0,0,0,0
0,0,0,0,0,2517201,0,0
0,0,0,0,0,2372078,0,0
0,0,0,0,0,0,0,0
0,0,0,0,0,0,0,0
0,0,0,0,0,0,0,0
0,0,0,0,0,19483402,0,0
0,0,0,0,0,0,0,0
0,0,0,0,0,0,0,0
0,0,0,0,0,0,0,0
0,0,0,0,0,4861002,0,0
0,0,0,0,0,2641857,0,0
0,0,0,0,0,3150550,0,0
0,0,0,0,0,0,0,0
0,0,0,0,0,0,0,0
0,1,0,0,0,4180152,0,0
0,0,0,0,0,7498482,0,0
0,0,0,0,0,123047,0,0
0,0,0,0,0,0,0,0
0,1,0,0,0,0,0,0
0,0,0,0,0,6053530,0,0
0,0,0,0,0,0,0,0
0,0,0,0,0,0,0,0
0,0,0,0,0,4578,0,0
0,0,0,0,1,13878265,0,0
0,1,0,0,0,0,0,0
0,0,0,0,0,2418184,0,0
0,0,0,0,0,265096,0,0
0,0,0,0,0,0,0,0
0,0,0,0,0,0,0,0
0,0,0,0,0,1844530,0,0
0,0,0,0,0,7945332,0,0
0,0,0,0,0,0,0,0
0,0,0,0,0,9534349,0,0
0,1,0,0,0,0,0,0
0,0,0,0,0,8430166,0,0
0,0,0,0,0,953938,0,0
0,0,0,0,0,0,0,0
0,0,0,0,0,8104536,0,0
0,0,0,0,0,0,0,0
0,0,0,0,0,42556,0,0
0,0,0,0,0,1979175,0,0
0,0,0,0,0,6385336,0,0
0,0,0,0,0,0,0,0
0,0,0,0,0,0,0,0
0,0,0,0,0,0,0,0
0,0,0,0,1,21976094,0,0
0,0,0,0,0,3239665,0,0
0,0,0,0,0,0,0,0
0,0,0,0,0,0,0,0
0,0,0,0,0,0,0,0
0,0,0,0,0,570202,0,0
0,0,0,0,0,3246162,0,0
0,0,0,0,0,0,0,0
0,0,0,0,0,0,0,0
0,0,0,0,0,0,0,0
0,0,0,0,0,0,0,0
0,0,0,0,0,0,0,0
0,0,0,0,0,9314758,0,0
0,0,0,0,0,242532,0,0
0,0,0,0,0,0,0,0
0,0,0,0,0,0,0,0
0,0,0,0,0,813496,0,0
0,0,0,0,0,2629556,0,0
0,1,0,0,0,16389996,0,0
0,0,0,0,0,0,0,0
0,0,0,0,0,13213275,0,0
0,0,0,0,0,0,0,0
0,0,0,0,0,0,0,0
0,0,0,0,0,0,0,0
0,0,0,0,0,0,0,0
0,0,0,0,0,0,0,0
0,0,0,0,0,1371103,0,0
0,0,0,0,0,0,0,0
0,0,0,0,0,0,0,0
0,0,0,0,0,0,0,0
0,1,0,0,0,0,0,0
0,0,0,0,0,0,0,0
0,1,0,0,0,2836361,0,0
0,0,0,0,0,0,0,0
0,0,0,0,0,1254711,0,0
0,0,0,0,0,1979990,0,0
0,0,0,0,0,0,0,0
0,0,0,0,0,0,0,0
0,0,0,0,0,0,0,0
0,0,0,0,0,0,0,0
0,0,0,0,0,4326407,0,0
0,0,0,0,0,0,0,0
0,0,0,0,0,0,0,0
0,0,0,0,0,0,0,0
0,0,0,0,0,0,0,0
0,1,0,0,0,2616180,0,0
0,0,0,0,1,1514040,0,0
0,0,0,0,0,0,0,0
0,0,0,0,0,0,0,0
0,0,0,0,0,6920729,0,0
0,0,0,0,0,8676354,0,0
0,0,0,0,0,0,0,0
0,0,0,0,0,0,0,0
0,1,0,0,0,5342133,0,0
0,0,0,0,1,1657686,0,0
0,0,0,0,0,705939,0,0
0,1,0,0,0,4360496,0,0
0,0,0,0,0,0,0,1
0,0,0,0,0,0,0,0
0,0,0,0,0,4290860,0,0
0,0,0,0,0,0,0,0
0,0,0,0,0,289615,0,0
0,0,0,0,0,2441820,0,0
0,0,0,0,0,12509305,0,0
0,0,0,0,0,0,0,0
0,0,0,0,0,0,0,0
0,0,0,0,0,0,0,0
0,1,0,0,4,12428545,8729837,0
0,0,0,0,0,0,0,0
0,0,0,0,0,0,0,0
0,0,0,0,0,27895,0,0
0,0,0,0,0,0,0,0
0,0,0,0,0,13649,0,0
0,0,0,0,0,2773024,0,0
0,0,0,0,0,1725307,0,0
0,0,0,0,3,4091488,733923,1
0,0,0,0,0,0,0,0
0,0,0,0,0,0,0,0
0,0,0,0,0,0,0,0
0,0,0,0,0,0,0,0
0,0,0,0,0,795167,0,0
0,0,0,0,0,0,0,0
0,0,0,0,0,0,0,0
0,0,0,0,0,0,0,0
0,0,0,0,0,0,0,0
0,0,0,0,0,6658526,0,0
0,0,0,0,0,4116213,0,0
0,0,0,0,0,0,0,0
0,0,0,0,0,0,0,0
0,0,0,0,0,40721,0,0
0,0,0,0,2,21262855,2989912,1
0,0,0,0,0,4650229,0,0
0,0,0,0,0,6160665,0,0
0,0,0,0,0,0,0,0
0,0,0,0,0,0,0,0
0,0,0,0,0,0,0,0
0,0,0,0,0,0,0,0
0,0,0,0,0,2208510,0,0
0,0,0,0,0,1079538,0,0
0,0,0,0,0,312586,0,0
0,0,0,0,0,0,0,0
0,0,0,0,0,81460,0,0
0,0,0,0,0,4259125,0,0
0,0,0,0,0,0,0,0
0,0,0,0,0,3720784,0,0
0,0,0,0,0,0,0,0
0,0,0,0,0,0,0,0
0,1,0,0,2,13098390,637273,1
0,0,0,0,0,3049251,0,0
0,0,0,0,0,1554674,0,0
0,0,0,0,0,7121579,0,0
0,0,0,0,0,2699384,0,0
0,0,0,0,0,0,0,0
0,1,0,0,0,32186973,0,0
0,0,0,0,0,0,0,0
0,0,0,0,0,0,0,0
0,0,0,0,0,0,0,0
0,0,0,0,0,1590198,0,0
0,0,0,0,0,0,0,0
0,0,0,0,0,7902792,0,0
0,0,0,0,0,492356,0,0
0,0,0,0,0,0,0,0
0,0,0,0,0,0,0,0
0,0,0,0,0,0,0,0
0,0,0,0,0,0,0,0
0,0,0,0,1,22055090,0,0
0,0,0,0,0,0,0,0
0,0,0,0,0,0,0,0
0,0,0,0,0,0,0,0
0,1,0,0,0,0,0,0
0,0,0,0,0,0,0,0
0,1,0,0,0,0,0,0
0,0,0,0,0,0,0,0
0,0,0,0,0,0,0,0
0,0,0,0,0,0,0,0
0,1,0,0,0,19447311,0,0
0,0,0,0,0,6917485,0,0
0,0,0,0,0,0,0,0
0,0,0,0,0,8038,0,0
0,0,0,0,0,118036,0,0
0,0,0,0,0,0,0,0
0,0,0,0,0,789454,0,0
0,0,0,0,0,77238,0,0
0,0,0,0,0,0,0,0
0,0,0,0,0,0,0,0
0,0,0,0,0,0,0,0
0,0,0,0,0,286195,0,0
0,0,0,0,0,0,0,0
0,0,0,0,2,16012611,0,0
0,0,0,0,0,0,0,0
0,0,0,0,0,0,0,0
0,0,0,0,0,0,0,0
0,0,0,0,0,18226528,0,0
0,0,0,0,0,3183489,0,0
0,0,0,0,0,0,0,0
0,0,0,0,0,11391531,0,0
0,0,0,0,0,5645927,0,0
0,0,0,0,0,0,0,0
0,0,0,0,1,4733215,0,0
0,0,0,0,0,0,0,0
0,0,0,0,0,0,0,0
0,0,0,0,0,2014969,0,0
0,0,0,0,0,0,0,0
0,0,0,0,0,0,0,0
0,0,0,0,0,0,0,0
0,0,0,0,0,1841046,0,0
0,0,0,0,0,0,0,0
0,0,0,0,0,26747,0,0
0,0,0,0,0,0,0,0
0,0,0,0,0,310283,0,0
0,0,0,0,0,0,0,0
0,0,0,0,0,0,0,0
0,0,0,0,0,4840534,0,0
0,0,0,0,0,2090135,0,0
0,0,0,0,0,0,0,0
0,0,0,0,0,2592442,0,0
0,0,0,0,0,1463707,0,0
0,0,0,0,0,2044981,0,0
0,0,0,0,0,0,0,0
0,0,0,0,0,0,0,0
0,0,0,0,0,0,0,0
0,0,0,0,0,0,0,0
0,0,0,0,0,0,0,0
0,0,0,0,2,8889801,0,0
0,0,0,0,0,0,0,0
0,0,0,0,0,0,0,0
0,0,0,0,0,0,0,0
0,0,0,0,0,0,0,0
0,0,0,0,0,0,0,0
0,0,0,0,0,0,0,0
0,0,0,0,2,3753328,129839,0
0,0,0,0,0,309492,0,0
0,0,0,0,0,1859790,0,0
0,0,0,0,0,0,0,0
0,0,0,0,0,265260,0,0
0,0,0,0,0,400656,0,0
0,0,0,0,0,0,0,0
0,0,0,0,0,0,0,0
0,0,0,0,0,0,0,0
0,0,0,0,0,0,0,0
0,0,0,0,0,5925125,0,0
0,0,0,0,0,8577488,0,0
0,0,0,0,0,3744680,0,0
0,0,0,0,0,0,0,0
0,0,0,0,0,0,0,0
0,0,0,0,0,0,0,0
0,0,0,0,0,3736445,0,0
0,0,0,0,0,0,0,0
0,0,0,0,0,1471374,0,0
0,0,0,0,0,3431501,0,0
0,0,0,0,0,0,0,0
0,0,0,0,0,9440615,0,0
0,1,0,0,0,3841446,0,0
0,0,0,0,0,0,0,0
0,0,0,0,0,0,0,0
0,0,0,0,2,4237045,829839,1
0,0,0,0,0,4223228,0,0
0,0,0,0,0,200185,0,0
0,0,0,0,0,0,0,0
0,0,0,0,0,0,0,0
0,0,0,0,0,41964,0,0
0,0,0,0,0,606571,0,0
0,0,0,0,0,0,0,0
0,0,0,0,0,0,0,0
0,0,0,0,0,0,0,0
0,0,0,0,0,0,0,0
0,0,0,0,0,0,0,1
0,0,0,0,0,0,0,0
0,0,0,0,0,2059187,0,0
0,0,0,0,0,0,0,0
0,0,0,0,0,0,0,0
0,0,0,0,0,2011579,0,0
0,0,0,0,0,2252500,0,0
0,0,0,0,0,0,0,0
0,0,0,0,8,11139280,3657928,1
0,0,0,0,0,0,0,0
0,0,0,0,0,0,0,0
0,0,0,0,0,0,0,0
0,0,0,0,0,0,0,0
0,0,0,0,0,20111253,0,0
0,0,0,0,0,0,0,0
0,0,0,0,0,981032,0,0
0,0,0,0,0,2503966,0,0
0,0,0,0,0,0,0,0
0,0,0,0,0,869240,0,0
0,0,0,0,0,3140784,0,0
0,0,0,0,0,0,0,0
0,0,0,0,0,2858403,0,0
0,0,0,0,3,13966350,878298,0
0,0,0,0,0,0,0,0
0,0,0,0,0,0,0,0
0,0,0,0,0,11503280,0,0
0,0,0,0,0,2557383,0,0
0,0,0,0,0,8202270,0,0
0,0,0,0,0,0,0,0
0,0,0,0,0,227075,0,0
0,0,0,0,1,1516321,0,0
0,0,0,0,0,642144,0,0
0,0,0,0,0,0,0,0
0,0,0,0,0,10823714,0,0
0,0,0,0,0,11668810,0,0
0,0,0,0,0,0,0,0
0,0,0,0,0,282475,0,0
0,0,0,0,0,0,0,0
0,0,0,0,0,0,0,0
0,0,0,0,0,0,0,0
0,0,0,0,0,0,0,0
0,0,0,0,0,2311238,0,0
0,0,0,0,0,0,0,0
0,1,0,0,4,20087255,5466543,1
0,0,0,0,0,597674,0,0
0,0,0,0,0,865094,0,0
0,0,0,0,0,3350810,0,0
0,0,0,0,0,6945124,0,0
0,1,0,0,0,468215,0,0
0,0,0,0,0,8185125,0,0
0,0,0,0,0,4838639,0,0
0,0,0,0,0,4244729,0,0
0,1,0,0,0,0,0,0
0,0,0,0,0,0,0,0
0,0,0,0,2,17313586,554675,0
0,0,0,0,0,256539,0,0
0,0,0,0,0,2662291,0,0
0,0,0,0,0,0,0,0
0,0,0,0,3,16568866,453566,1
0,0,0,0,0,0,0,0
0,0,0,0,0,0,0,0
0,0,0,0,0,0,0,0
0,0,0,0,0,0,0,0
0,0,0,0,0,0,0,0
0,0,0,0,0,221397,0,0
0,0,0,0,0,6809346,0,0
0,0,0,0,0,0,0,0
0,0,0,0,0,2795728,0,0
0,0,0,0,0,2122404,0,0
0,0,0,0,0,0,0,0
0,0,0,0,0,0,0,0
0,0,0,0,0,7291949,0,0
0,1,0,0,0,0,0,0
0,0,0,0,0,0,0,0
0,0,0,0,0,789103,0,0
0,0,0,0,0,914201,0,0
0,0,0,0,0,2244834,0,0
0,0,0,0,0,0,0,0
0,0,0,0,0,3860627,0,0
0,1,0,0,0,11032626,0,0
0,0,0,0,0,0,0,0
0,0,0,0,0,560617,0,0
0,0,0,0,2,15616879,348765,0
0,1,0,0,0,20915659,0,0
0,0,0,0,0,938695,0,0
0,0,0,0,0,0,0,0
0,0,0,0,0,0,0,0
0,0,0,0,0,64155,0,0
0,0,0,0,0,0,0,0
0,0,0,0,0,0,0,0
0,0,0,0,0,13310408,0,0
0,0,0,0,0,1346744,0,0
0,0,0,0,0,0,0,0
0,0,0,0,0,0,0,0
0,0,0,0,0,0,0,0
0,0,0,0,0,5088470,0,0
0,0,0,0,0,0,0,0
0,1,0,0,0,2170038,0,0
0,0,0,0,0,592724,0,0
0,0,0,0,0,0,0,0
0,0,0,0,0,0,0,0
0,0,0,0,1,8462536,0,0
0,0,0,0,0,0,0,0
0,0,0,0,0,0,0,0
0,0,0,0,0,0,0,0
0,0,0,0,0,0,0,0
0,0,0,0,0,2650301,0,0
0,0,0,0,0,0,0,0
0,0,0,0,0,0,0,0
0,0,0,0,0,7790,0,0
0,0,0,0,0,0,0,0
0,0,0,0,0,0,0,0
0,0,0,0,0,0,0,0
0,0,0,0,0,0,0,0
0,0,0,0,0,7475869,0,0
0,0,0,0,0,0,0,0
0,0,0,0,0,0,0,0
0,0,0,0,0,0,0,0
0,0,0,0,0,0,0,0
0,0,0,0,0,3080602,0,0
0,0,0,0,0,0,0,0
0,0,0,0,0,0,0,0
0,0,0,0,0,7005697,0,0
0,0,0,0,0,0,0,0
0,0,0,0,0,0,0,0
0,0,0,0,0,3192089,0,0
0,0,0,0,0,0,0,0
0,0,0,0,0,1370833,0,0
0,0,0,0,0,0,0,0
0,0,0,0,0,0,0,0
0,0,0,0,0,6849221,0,0
0,0,0,0,0,2808117,0,0
0,0,0,0,0,0,0,0
0,0,0,0,0,0,0,0
0,0,0,0,0,0,0,0
0,0,0,0,0,1985332,0,0
0,0,0,0,0,0,0,0
0,0,0,0,0,1126444,0,0
0,0,0,0,1,4013547,53324,0
0,0,0,0,0,0,0,0
0,0,0,0,0,0,0,0
0,0,0,0,0,227053,0,0
0,0,0,0,0,0,0,0
0,0,0,0,0,15657,0,0
0,0,0,0,0,0,0,0
0,0,0,0,0,0,0,0
0,0,0,0,0,0,0,0
0,0,0,0,0,0,0,0
0,1,0,0,0,13102,0,0
0,0,0,0,0,498894,0,0
0,0,0,0,0,0,0,0
0,0,0,0,0,658743,0,0
0,0,0,0,0,2349130,0,0
0,0,0,0,1,9378854,76564,0
0,0,0,0,0,0,0,0
0,0,0,0,0,329031,0,0
0,0,0,0,0,4474,0,0
0,0,0,0,0,0,0,0
0,1,0,0,0,458505,0,0
0,0,0,0,0,227046,0,0
0,0,0,0,0,77387,0,0
0,0,0,0,0,10382,0,0
0,0,0,0,0,0,0,0
0,0,0,0,0,0,0,0
0,0,0,0,0,0,0,0
0,0,0,0,0,10598282,0,0
0,1,0,0,0,0,0,0
0,0,0,0,0,5046395,0,0
0,0,0,0,0,5576445,0,0
0,0,0,0,0,0,0,0
0,0,0,0,0,5952,0,0
0,0,0,0,0,0,0,0
0,0,0,0,0,0,0,0
0,0,0,0,0,3123809,0,0
0,0,0,0,0,1218981,0,0
0,0,0,0,0,4967652,0,0
0,0,0,0,0,0,0,0
0,0,0,0,0,0,0,0
0,0,0,0,0,0,0,0
0,0,0,0,0,3901826,0,0
0,0,0,0,0,1585123,0,0
0,1,0,0,0,3343158,0,0
0,0,0,0,0,1117062,0,0
0,0,0,0,0,0,0,0
0,0,0,0,0,1048335,0,0
0,0,0,0,0,0,0,0
0,0,0,0,0,2096218,0,0
0,0,0,0,0,3455735,0,0
0,1,0,0,0,0,0,0
0,0,0,0,0,0,0,0
0,0,0,0,0,307171,0,0
0,0,0,0,0,0,0,0
0,0,0,0,0,0,0,0
0,0,0,0,0,0,0,0
0,1,0,0,0,4530113,0,0
0,0,0,0,0,2255765,0,0
0,0,0,0,0,3366940,0,0
0,0,0,0,0,0,0,0
0,0,0,0,0,0,0,0
0,1,0,0,0,0,0,0
0,0,0,0,0,0,0,0
0,0,0,0,0,0,0,0
0,0,0,0,0,5457181,0,0
0,0,0,0,0,0,0,0
0,0,0,0,0,3279148,0,0
0,0,0,0,0,0,0,0
0,0,0,0,0,0,0,0
0,0,0,0,0,4415736,0,0
0,0,0,0,0,14215275,0,0
0,0,0,0,0,0,0,0
0,0,0,0,0,0,0,0
0,0,0,0,0,3089268,0,0
0,0,0,0,0,1405489,0,0
0,0,0,0,0,6521756,0,0
0,0,0,0,0,0,0,0
0,0,0,0,0,0,0,0
0,0,0,0,0,0,0,0
0,0,0,0,0,3015621,0,0
0,0,0,0,0,0,0,0
0,0,0,0,0,6523724,0,0
0,0,0,0,1,1553898,0,0
0,0,0,0,0,432904,0,0
0,1,0,0,0,7161611,0,0
0,0,0,0,0,0,0,0
0,0,0,0,0,0,0,0
0,0,0,0,0,1466545,0,0
0,0,0,0,0,0,0,0
0,0,0,0,0,0,0,0
0,0,0,0,0,0,0,0
0,0,0,0,0,4592762,0,0
0,0,0,0,0,0,0,0
0,0,0,0,0,0,0,0
0,0,0,0,0,0,0,0
0,0,0,0,0,0,0,0
0,0,0,0,0,0,0,0
0,0,0,0,0,4971877,0,0
0,0,0,0,0,1537576,0,0
0,0,0,0,0,0,0,0
0,0,0,0,0,0,0,0
0,0,0,0,0,0,0,0
0,0,0,0,0,5887691,0,0
0,0,0,0,0,0,0,0
0,0,0,0,0,303453,0,0
0,0,0,0,0,5776118,0,0
0,0,0,0,0,2336381,0,0
0,0,0,0,0,205757,0,0
0,0,0,0,0,5393099,0,0
0,0,0,0,0,309859,0,0
0,1,0,0,0,9930929,0,0
0,0,0,0,0,0,0,0
0,0,0,0,0,8673401,0,0
0,0,0,0,0,0,0,0
0,1,0,0,0,0,0,0
0,0,0,0,0,0,0,0
0,0,0,0,0,0,0,0
0,0,0,0,0,869108,0,0
0,0,0,0,0,1672629,0,0
0,0,0,0,0,0,0,0
0,0,0,0,0,0,0,0
0,0,0,0,0,198622,0,0
0,0,0,0,0,1675942,0,0
0,0,0,0,0,0,0,0
0,0,0,0,0,5795766,0,0
0,0,0,0,0,254994,0,0
0,0,0,0,0,0,0,0
0,0,0,0,0,0,0,0
0,0,0,0,0,1131224,0,0
0,0,0,0,0,0,0,0
0,1,0,0,0,5806158,0,0
0,0,0,0,0,0,0,0
0,0,0,0,0,147655,0,0
0,0,0,0,0,1310779,0,0
0,0,0,0,0,2265247,0,0
0,0,0,0,0,0,0,0
0,0,0,0,0,16624815,0,0
0,0,0,0,0,894176,0,0
0,0,0,0,0,0,0,0
0,0,0,0,0,8458467,0,0
0,0,0,0,0,1740398,0,0
0,0,0,0,0,1878747,0,0
0,0,0,0,0,193014,0,0
0,0,0,0,0,2600480,0,0
0,0,0,0,0,0,0,0
0,0,0,0,0,1875054,0,0
0,0,0,0,0,0,0,0
0,0,0,0,0,685304,0,0
0,0,0,0,0,0,0,0
0,0,0,0,0,1816481,0,0
0,1,0,0,0,3506919,0,0
0,0,0,0,0,686875,0,0
0,0,0,0,0,0,0,0
0,0,0,0,0,3826656,0,0
0,0,0,0,0,2870752,0,0
0,0,0,0,0,0,0,0
0,0,0,0,0,0,0,0
0,0,0,0,0,0,0,0
0,0,0,0,0,637479,0,0
0,0,0,0,0,298556,0,0
0,0,0,0,0,0,0,0
0,0,0,0,0,0,0,0
0,0,0,0,0,251386,0,0
0,0,0,0,0,273403,0,0
0,0,0,0,0,0,0,0
0,0,0,0,0,0,0,0
0,0,0,0,0,0,0,0
0,0,0,0,0,1834904,0,0
0,0,0,0,0,12741731,0,0
0,0,0,0,0,0,0,0
0,1,0,0,0,0,0,0
0,0,0,0,0,4884733,0,0
0,0,0,0,0,712877,0,0
0,0,0,0,0,0,0,0
0,0,0,0,0,126356,0,0
0,0,0,0,0,0,0,0
0,0,0,0,0,0,0,0
0,0,0,0,0,0,0,0
0,0,0,0,0,0,0,0
0,0,0,0,0,0,0,0
0,1,0,0,0,349830,0,0
0,0,0,0,0,0,0,0
0,0,0,0,0,0,0,0
0,0,0,0,0,0,0,0
0,0,0,0,0,0,0,0
0,0,0,0,0,0,0,0
0,0,0,0,0,0,0,0
0,0,0,0,0,0,0,0
0,0,0,0,0,7818585,0,0
0,0,0,0,0,4622494,0,0
0,0,0,0,0,0,0,0
0,0,0,0,0,0,0,0
0,0,0,0,0,0,0,0
0,0,0,0,0,0,0,0
0,0,0,0,0,0,0,0
0,0,0,0,0,2048396,0,0
0,0,0,0,0,355782,0,0
0,0,0,0,0,0,0,0
0,0,0,0,0,0,0,0
0,0,0,0,0,381289,0,0
0,0,0,0,0,2275280,0,0
0,0,0,0,0,0,0,0
0,0,0,0,0,0,0,0
0,0,0,0,0,0,0,0
0,0,0,0,0,5073691,0,0
0,1,0,0,0,1067753,0,0
0,0,0,0,0,0,0,0
0,0,0,0,0,7708653,0,0
0,0,0,0,0,0,0,0
0,0,0,0,0,0,0,0
0,0,0,0,0,1560483,0,0
0,0,0,0,0,388425,0,0
0,0,0,0,0,230873,0,0
0,0,0,0,0,1819895,0,0
0,0,0,0,3,12208361,56445,0
0,0,0,0,2,9390664,4453,0
0,0,0,0,0,4866545,0,0
0,0,0,0,0,0,0,0
0,0,0,0,0,0,0,0
0,0,0,0,0,0,0,0
0,0,0,0,0,4814925,0,0
0,0,0,0,0,0,0,0
0,0,0,0,0,0,0,0
0,0,0,0,0,10270161,0,0
0,1,0,0,0,6467261,0,0
0,0,0,0,0,2711179,0,0
0,0,0,0,0,7250947,0,0
0,0,0,0,0,153551,0,0
0,0,0,0,0,0,0,0
0,0,0,0,0,0,0,0
0,0,0,0,0,0,0,0
0,1,0,0,0,11478769,0,0
0,1,0,0,0,8394808,0,0
0,0,0,0,0,0,0,0
0,0,0,0,0,0,0,0
0,0,0,0,0,332907,0,0
0,0,0,0,0,1992610,0,0
0,0,0,0,0,0,0,0
0,0,0,0,0,0,0,0
0,0,0,0,0,4352754,0,0
0,0,0,0,0,0,0,0
0,0,0,0,0,0,0,0
0,0,0,0,0,0,0,0
0,0,0,0,0,234615,0,0
0,0,0,0,0,0,0,0
0,0,0,0,0,6697950,0,0
0,0,0,0,0,0,0,0
0,0,0,0,0,3732,0,0
0,0,0,0,0,1926517,0,0
0,0,0,0,0,0,0,0
0,0,0,0,0,0,0,0
0,0,0,0,3,6022133,1723900,0
0,0,0,0,0,839842,0,0
0,0,0,0,0,0,0,0
0,0,0,0,0,4406409,0,0
0,1,0,0,0,26945899,0,0
0,0,0,0,0,0,0,0
0,0,0,0,0,0,0,0
0,0,0,0,0,0,0,0
0,0,0,0,0,0,0,0
0,0,0,0,0,444994,0,0
0,0,0,0,0,3576747,0,0
0,0,0,0,0,6985516,0,0
0,0,0,0,0,1049007,0,0
0,0,0,0,1,2334762,0,0
0,1,0,0,0,1452799,0,0
0,0,0,0,0,1114931,0,0
0,0,0,0,0,0,0,0
0,0,0,0,0,0,0,0
0,0,0,0,0,0,0,0
0,0,0,0,0,0,0,0
0,0,0,0,0,302004,0,0
0,0,0,0,0,3258,0,0
0,0,0,0,0,0,0,0
0,0,0,0,0,1305173,0,0
0,0,0,0,0,0,0,0
0,1,0,0,0,0,0,0
0,0,0,0,0,4792664,0,0
0,0,0,0,0,0,0,0
0,0,0,0,0,0,0,0
0,0,0,0,0,0,0,0
0,0,0,0,0,9298334,0,0
0,0,0,0,0,7600959,0,0
0,0,0,0,0,0,0,0
0,0,0,0,0,13510543,0,0
0,0,0,0,0,0,0,0
0,0,0,0,0,0,0,0
0,0,0,0,0,4909638,0,0
0,0,0,0,0,0,0,0
0,1,0,0,0,1698841,0,0
0,0,0,0,0,0,0,0
0,0,0,0,0,0,0,0
0,0,0,0,0,0,0,0
0,0,0,0,0,7485589,0,0
0,1,0,0,0,0,0,0
0,0,0,0,0,0,0,0
0,0,0,0,0,2094651,0,0
0,0,0,0,0,0,0,0
0,0,0,0,0,7423813,0,0
0,0,0,0,0,1382644,0,0
0,0,0,0,0,0,0,0
0,0,0,0,0,0,0,0
0,0,0,0,0,7079088,0,0
0,1,0,0,8,2503170,556764,0
0,0,0,0,0,1684252,0,0
0,0,0,0,0,0,0,0
0,0,0,0,0,4674115,0,0
0,0,0,0,0,7099379,0,0
0,0,0,0,0,2794857,0,0
0,0,0,0,0,6768827,0,0
0,0,0,0,0,0,0,0
0,0,0,0,0,0,0,0
0,0,0,0,0,0,0,0
0,0,0,0,0,0,0,0
0,0,0,0,0,238545,0,0
0,0,0,0,0,0,0,0
0,0,0,0,0,118779,0,0
0,0,0,0,0,0,0,0
0,0,0,0,0,0,0,0
0,0,0,0,3,4715746,322125,0
0,0,0,0,0,0,0,0
0,1,0,0,0,332127,0,0
0,0,0,0,0,0,0,0
0,0,0,0,0,0,0,0
0,0,0,0,0,0,0,0
0,0,0,0,0,5636007,0,0
0,0,0,0,0,4830356,0,0
0,0,0,0,0,0,0,0
0,0,0,0,0,0,0,0
0,0,0,0,0,0,0,0
0,0,0,0,0,3327681,0,0
0,0,0,0,0,0,0,1
0,0,0,0,0,9758336,0,0
0,0,0,0,0,0,0,0
0,1,0,0,0,2359316,0,0
0,0,0,0,0,4375374,0,0
0,0,0,0,0,1552843,0,0
0,0,0,0,0,3872315,0,0
0,0,0,0,0,950762,0,0
0,0,0,0,0,0,0,0
0,0,0,0,0,7877,0,0
0,0,0,0,0,4408294,0,0
0,0,0,0,0,1289685,0,0
0,0,0,0,0,172168,0,0
0,0,0,0,0,0,0,0
0,0,0,0,0,0,0,0
0,0,0,0,0,0,0,0
0,0,0,0,0,2126785,0,0
0,0,0,0,0,0,0,0
0,0,0,0,0,0,0,0
0,0,0,0,0,0,0,0
0,1,0,0,0,4368080,0,0
0,0,0,0,0,0,0,0
0,0,0,0,0,0,0,0
0,0,0,0,0,3131348,0,0
0,0,0,0,0,0,0,0
0,0,0,0,0,0,0,0
0,0,0,0,0,0,0,0
0,0,0,0,0,1463926,0,0
0,0,0,0,0,70214,0,0
0,0,0,0,0,0,0,0
0,0,0,0,0,0,0,0
0,0,0,0,0,3094025,0,0
0,0,0,0,0,0,0,0
0,0,0,0,0,0,0,0
0,0,0,0,1,5900861,0,0
0,1,0,0,0,1465584,0,0
0,0,0,0,0,5324929,0,0
0,0,0,0,0,836467,0,0
0,0,0,0,0,0,0,0
0,0,0,0,0,1689488,0,0
0,0,0,0,0,0,0,0
0,0,0,0,0,0,0,0
0,0,0,0,0,4956369,0,0
0,0,0,0,0,0,0,0
0,0,0,0,3,23895548,56777,0
0,0,0,0,0,0,0,0
0,0,0,0,1,14015575,6654,0
0,0,0,0,0,1981690,0,0
0,0,0,0,0,0,0,0
0,0,0,0,0,0,0,0
0,0,0,0,0,0,0,0
0,0,0,0,0,862478,0,0
0,1,0,0,0,2423957,0,0
0,0,0,0,0,3508589,0,0
0,0,0,0,0,0,0,0
0,0,0,0,2,20247440,436554,0
0,0,0,0,0,200660,0,0
0,0,0,0,0,5708499,0,0
0,0,0,0,0,0,0,0
0,0,0,0,0,1591250,0,0
0,0,0,0,0,2768139,0,0
0,0,0,0,0,0,0,0
0,1,0,0,0,0,0,0
0,0,0,0,0,0,0,0
0,0,0,0,0,0,0,0
0,0,0,0,0,0,0,0
0,1,0,0,0,0,0,0
0,0,0,0,0,18107220,0,0
0,0,0,0,0,311454,0,0
0,0,0,0,0,0,0,0
0,0,0,0,0,0,0,0
0,0,0,0,3,20598180,10852890,0
0,0,0,0,0,1198144,0,0
0,1,0,0,0,6286986,0,0
0,0,0,0,0,0,0,0
0,0,0,0,1,4386749,690,0
0,0,0,0,0,1591813,0,0
0,0,0,0,0,0,0,0
0,0,0,0,0,1576711,0,0
0,0,0,0,0,4228028,0,0
0,0,0,0,0,0,0,0
0,0,0,0,0,0,0,0
0,1,0,0,0,4532557,0,0
0,0,0,0,0,152255,0,0
0,0,0,0,0,0,0,0
0,0,0,0,0,0,0,0
0,0,0,0,0,0,0,0
0,1,0,0,0,0,0,0
0,0,0,0,0,3827261,0,0
0,0,0,0,0,4875071,0,0
0,0,0,0,4,4453494,45464,1
0,0,0,0,0,0,0,0
0,0,0,0,0,9829381,0,0
0,0,0,0,0,3714078,0,0
0,0,0,0,0,0,0,0
0,0,0,0,0,1562012,0,0
0,0,0,0,0,328129,0,0
0,0,0,0,0,1401390,0,0
0,0,0,0,0,0,0,0
0,0,0,0,0,0,0,0
0,0,0,0,0,0,0,0
0,0,0,0,0,856348,0,0
0,0,0,0,0,1010543,0,0
0,0,0,0,0,0,0,0
0,0,0,0,0,0,0,0
0,0,0,0,0,8020138,0,0
0,0,0,0,0,2717825,0,0
0,0,0,0,0,0,0,0
0,0,0,0,0,0,0,0
0,0,0,0,2,13744646,876958,0
0,0,0,0,0,0,0,0
0,0,0,0,0,0,0,0
0,0,0,0,0,0,0,0
0,0,0,0,0,0,0,0
0,0,0,0,0,3181045,0,0
0,0,0,0,0,3597845,0,0
0,0,0,0,0,795846,0,0
0,0,0,0,0,1353926,0,0
0,0,0,0,0,0,0,0
0,0,0,0,0,1132296,0,0
0,0,0,0,0,0,0,0
0,0,0,0,0,1865983,0,0
0,0,0,0,0,0,0,0
0,0,0,0,0,0,0,0
0,0,0,0,0,0,0,0
0,0,0,0,0,0,0,0
0,1,0,0,0,7393566,0,0
0,0,0,0,0,902826,0,0
0,0,0,0,0,0,0,0
0,0,0,0,0,0,0,0
0,0,0,0,2,20373007,896858,0
0,0,0,0,0,833498,0,0
0,0,0,0,0,2609165,0,0
0,0,0,0,0,0,0,0
0,0,0,0,1,12656499,43222,0
0,0,0,0,0,2926579,0,0
0,0,0,0,0,0,0,0
0,0,0,0,0,1894787,0,0
0,0,0,0,0,4450093,0,0
0,0,0,0,0,0,0,0
0,0,0,0,0,795730,0,0
0,0,0,0,0,0,0,0
0,0,0,0,0,0,0,1
0,0,0,0,0,0,0,0
0,0,0,0,0,2167192,0,0
0,0,0,0,0,1128150,0,0
0,0,0,0,0,0,0,0
0,0,0,0,0,0,0,0
0,0,0,0,0,12245791,0,0
0,0,0,0,0,0,0,0
0,0,0,0,0,0,0,0
0,0,0,0,0,3748617,0,0
0,0,0,0,0,8467192,0,0
0,0,0,0,0,0,0,0
0,0,0,0,0,4994702,0,0
0,0,0,0,0,216399,0,0
0,0,0,0,0,0,0,0
0,0,0,0,0,0,0,0
0,0,0,0,0,0,0,0
0,0,0,0,0,0,0,0
0,0,0,0,0,0,0,0
0,0,0,0,0,2203974,0,0
0,0,0,0,0,0,0,0
0,0,0,0,0,0,0,0
0,0,0,0,0,2862664,0,0
0,0,0,0,0,6960848,0,0
0,1,0,0,0,18401448,0,0
0,0,0,0,0,0,0,0
0,0,0,0,0,1261221,0,0
0,0,0,0,0,187494,0,0
0,0,0,0,0,1309584,0,0
0,0,0,0,0,0,0,0
0,0,0,0,0,0,0,0
0,0,0,0,0,0,0,0
0,0,0,0,0,0,0,0
0,0,0,0,0,3247979,0,0
0,0,0,0,0,0,0,0
0,0,0,0,0,2230796,0,0
0,0,0,0,0,581484,0,0
0,0,0,0,0,136378,0,0
0,0,0,0,0,214020,0,0
0,0,0,0,0,6986661,0,0
0,0,0,0,0,0,0,0
0,0,0,0,0,4793738,0,0
0,0,0,0,0,0,0,0
0,0,0,0,0,0,0,0
0,0,0,0,0,0,0,0
0,0,0,0,0,2342158,0,0
0,0,0,0,0,0,0,0
0,0,0,0,0,1194649,0,0
0,0,0,0,0,0,0,0
0,0,0,0,0,0,0,0
0,0,0,0,0,3042383,0,0
0,0,0,0,0,0,0,0
0,0,0,0,0,0,0,0
0,0,0,0,0,0,0,0
0,0,0,0,0,362197,0,0
0,0,0,0,0,9760,0,0
0,0,0,0,0,0,0,0
0,0,0,0,0,0,0,0
0,0,0,0,0,0,0,0
0,0,0,0,0,1858689,0,0
0,0,0,0,0,7566017,0,0
0,0,0,0,0,0,0,0
0,0,0,0,0,811811,0,0
0,0,0,0,0,4195138,0,0
0,0,0,0,0,2273339,0,0
0,0,0,0,0,5464107,0,0
0,0,0,0,0,0,0,0
0,0,0,0,0,304409,0,0
0,0,0,0,0,0,0,0
0,0,0,0,0,0,0,0
0,0,0,0,0,2951073,0,0
0,0,0,0,2,12685476,6554,0
0,0,0,0,0,0,0,0
0,0,0,0,0,6429658,0,0
0,0,0,0,0,9962605,0,0
0,0,0,0,0,871038,0,0
0,0,0,0,0,0,0,0
0,0,0,0,0,0,0,0
0,0,0,0,0,0,0,0
0,0,0,0,0,0,0,0
0,0,0,0,0,7633,0,0
0,0,0,0,0,0,0,0
0,0,0,0,0,4553346,0,0
0,0,0,0,0,0,0,0
0,0,0,0,0,0,0,0
0,0,0,0,0,3562400,0,0
0,0,0,0,0,262069,0,0
0,0,0,0,0,0,0,0
0,0,0,0,0,0,0,0
0,0,0,0,0,735595,0,0
0,0,0,0,0,0,0,0
0,0,0,0,0,3452926,0,0
0,0,0,0,0,0,0,0
0,0,0,0,0,2831608,0,0
0,0,0,0,0,0,0,0
0,0,0,0,0,0,0,0
0,0,0,0,0,0,0,0
0,0,0,0,0,0,0,0
0,0,0,0,0,10737169,0,0
0,0,0,0,0,0,0,0
0,1,0,0,0,0,0,0
0,0,0,0,0,227875,0,0
0,0,0,0,0,4483308,0,0
0,0,0,0,0,11844631,0,0
0,1,0,0,1,11945855,0,0
0,0,0,0,0,0,0,0
0,0,0,0,0,0,0,0
0,0,0,0,0,2188039,0,0
0,1,0,0,0,13327716,0,0
0,0,0,0,0,6561075,0,0
0,1,0,0,0,0,0,0
0,0,0,0,0,1270884,0,0
0,0,0,0,0,0,0,0
0,0,0,0,0,759018,0,0
0,0,0,0,0,0,0,0
0,1,0,0,0,0,0,0
0,0,0,0,0,0,0,0
0,0,0,0,0,0,0,0
0,0,0,0,0,24109645,0,0
0,1,0,0,0,0,0,0
0,1,0,0,0,23405558,0,0
0,0,0,0,0,0,0,0
0,0,0,0,0,275541,0,0
0,0,0,0,0,0,0,0
0,0,0,0,0,0,0,0
0,0,0,0,0,0,0,0
0,0,0,0,0,0,0,0
0,0,0,0,0,0,0,0
0,0,0,0,0,0,0,0
0,0,0,0,0,0,0,0
0,0,0,0,0,0,0,0
0,0,0,0,0,0,0,0
0,0,0,0,0,0,0,0
0,0,0,0,3,10989905,2719340,1
0,0,0,0,0,0,0,0
0,0,0,0,0,0,0,0
0,0,0,0,0,143034,0,0
0,0,0,0,0,718045,0,0
0,1,0,0,0,0,0,0
0,0,0,0,0,0,0,0
0,0,0,0,0,3699055,0,0
0,0,0,0,0,3368144,0,0
0,0,0,0,0,0,0,0
0,0,0,0,2,15869088,3680,1
0,0,0,0,0,8655479,0,0
0,0,0,0,0,0,0,0
0,0,0,0,0,0,0,0
0,0,0,0,0,5389867,0,0
0,0,0,0,1,6709717,0,0
0,0,0,0,0,0,0,0
0,0,0,0,0,1747679,0,0
0,0,0,0,0,0,0,0
0,0,0,0,0,3312414,0,0
0,0,0,0,0,0,0,0
0,0,0,0,0,0,0,0
0,0,0,0,0,0,0,0
0,0,0,0,0,0,0,0
0,0,0,0,0,713509,0,0
0,0,0,0,0,0,0,0
0,1,0,0,0,0,0,0
0,0,0,0,0,1597298,0,0
0,0,0,0,0,0,0,1
0,0,0,0,0,0,0,0
0,0,0,0,0,0,0,0
0,0,0,0,0,123458,0,0
0,0,0,0,0,0,0,0
0,0,0,0,0,0,0,0
0,0,0,0,0,0,0,0
0,0,0,0,0,0,0,0
0,0,0,0,0,1060079,0,0
0,0,0,0,0,0,0,0
0,0,0,0,0,1995976,0,0
0,0,0,0,0,0,0,0
0,0,0,0,0,5142233,0,0
0,0,0,0,0,745324,0,0
0,0,0,0,0,0,0,0
0,0,0,0,0,0,0,0
0,0,0,0,0,0,0,0
0,0,0,0,0,6222275,0,0
0,0,0,0,0,0,0,0
0,0,0,0,0,10133256,0,0
0,0,0,0,0,0,0,0
0,0,0,0,0,0,0,0
0,0,0,0,0,2329973,0,0
0,0,0,0,0,0,0,0
0,1,0,0,0,7795539,0,0
0,0,0,0,0,0,0,0
0,0,0,0,0,0,0,0
0,0,0,0,0,0,0,0
0,0,0,0,0,0,0,0
0,0,0,0,0,0,0,0
0,0,0,0,0,0,0,0
0,0,0,0,0,0,0,0
0,0,0,0,0,0,0,0
0,0,0,0,0,0,0,0
0,0,0,0,0,1539008,0,0
0,0,0,0,0,346925,0,0
0,0,0,0,0,60038,0,0
0,0,0,0,0,0,0,0
0,0,0,0,0,0,0,0
0,0,0,0,0,0,0,0
0,0,0,0,0,0,0,0
0,0,0,0,0,5533550,0,0
0,0,0,0,0,0,0,0
0,0,0,0,0,0,0,0
0,0,0,0,0,5292957,0,0
0,0,0,0,0,0,0,0
0,0,0,0,0,0,0,0
0,0,0,0,0,5424386,0,0
0,0,0,0,0,0,0,0
0,0,0,0,0,0,0,0
0,0,0,0,0,31754,0,0
0,0,0,0,0,1175601,0,0
0,0,0,0,0,615067,0,0
0,0,0,0,0,0,0,0
0,0,0,0,0,0,0,0
0,0,0,0,0,0,0,0
0,0,0,0,0,184109,0,0
0,1,0,0,0,0,0,0
0,0,0,0,0,0,0,0
0,0,0,0,0,0,0,0
0,0,0,0,0,0,0,0
0,0,0,0,0,0,0,0
0,0,0,0,0,0,0,0
0,0,0,0,0,2924534,0,0
0,0,0,0,0,0,0,0
0,0,0,0,0,1516310,0,0
0,0,0,0,0,0,0,0
0,0,0,0,0,0,0,0
0,0,0,0,0,2929428,0,0
0,0,0,0,0,2391402,0,0
0,1,0,0,0,0,0,0
0,0,0,0,0,0,0,0
0,0,0,0,0,3551759,0,0
0,1,0,0,0,7428306,0,0
0,1,0,0,0,0,0,0
0,0,0,0,0,2664266,0,0
0,0,0,0,0,0,0,0
0,0,0,0,0,0,0,0
0,0,0,0,0,5851999,0,0
0,0,0,0,2,20358343,0,0
0,0,0,0,0,501650,0,0
0,0,0,0,0,1572023,0,0
0,0,0,0,0,1662102,0,0
0,0,0,0,0,0,0,0
0,1,0,0,0,7205809,0,0
0,0,0,0,0,255176,0,0
0,0,0,0,0,2897170,0,0
0,0,0,0,0,0,0,0
0,0,0,0,0,0,0,0
0,0,0,0,0,2741203,0,0
0,0,0,0,0,0,0,0
0,0,0,0,0,2605042,0,0
0,0,0,0,0,0,0,0
0,0,0,0,0,1769133,0,0
0,0,0,0,0,0,0,0
0,0,0,0,0,296386,0,0
0,0,0,0,0,0,0,0
0,0,0,0,0,762310,0,0
0,0,0,0,1,808427,0,0
0,0,0,0,0,0,0,0
0,0,0,0,0,0,0,0
0,0,0,0,0,0,0,0
0,0,0,0,0,1255965,0,0
0,0,0,0,0,5302803,0,0
0,0,0,0,0,0,0,0
0,0,0,0,1,10755852,2210,0
0,0,0,0,0,0,0,0
0,0,0,0,0,4594648,0,0
0,0,0,0,0,0,0,0
0,0,0,0,0,5671216,0,0
0,0,0,0,0,9249,0,0
0,0,0,0,0,0,0,0
0,0,0,0,0,106004,0,0
0,0,0,0,0,0,0,0
0,0,0,0,0,0,0,0
0,0,0,0,0,0,0,0
0,0,0,0,0,0,0,0
0,0,0,0,1,4475312,630,0
0,0,0,0,0,21547536,0,0
0,0,0,0,0,0,0,0
0,0,0,0,0,0,0,0
0,0,0,0,0,0,0,0
0,0,0,0,0,0,0,0
0,0,0,0,0,0,0,0
0,0,0,0,0,4812961,0,0
0,0,0,0,0,0,0,0
0,0,0,0,0,3310372,0,0
0,0,0,0,0,957139,0,0
0,0,0,0,0,0,0,0
0,0,0,0,0,0,0,0
0,0,0,0,0,475471,0,0
0,0,0,0,0,0,0,0
0,0,0,0,0,0,0,0
0,0,0,0,0,0,0,0
0,0,0,0,0,0,0,0
0,0,0,0,0,0,0,0
0,0,0,0,0,439520,0,0
0,0,0,0,0,600760,0,0
0,0,0,0,0,0,0,0
0,0,0,0,0,0,0,0
0,0,0,0,0,1433603,0,0
0,0,0,0,0,0,0,0
0,0,0,0,0,364009,0,0
