dataset,arch,model,perturbation,size,layer,neuron,l_org,u_org,l_pert,u_pert,guard_ge,guard_le,min_bound,min_val,max_bound,max_val,verdict_ge,verdict_le,old_stamp_ge,old_stamp_le,old_val_min,old_val_max,fired_ge,fired_le,witness_ok,witness_z,witness_zp,probe_sec,witness_file
mnist,cnn1,model_seed42_itr20_sgd_itr1,brightness,0.25,2,1,-14.80805285146149,24.12840506969956,-14.80805285146139,24.12840506969956,false,true,-12.460756368299748,-2.97158686820461,-0.0,-0.0,n/a,SAFE,false,true,NaN,-0.0,n/a,false,false,NaN,NaN,4.675,
mnist,cnn1,model_seed42_itr20_sgd_itr1,brightness,0.25,2,2,-14.808052851461575,24.12840506969956,-14.808052851461388,24.12840506969956,false,true,-24.12840506969956,-3.0620087439350057,-0.0,-0.0,n/a,SAFE,false,true,NaN,-0.0,n/a,false,false,NaN,NaN,2.297,
mnist,cnn1,model_seed42_itr20_sgd_itr1,brightness,0.25,2,3,-14.808052851461385,24.12840506969956,-14.808052851461392,24.12840506969956,true,false,-24.12840506969956,-3.511009745520937,4.440892098500626e-16,4.440892098500626e-16,FLIPPED,n/a,false,false,-3.7378964098320946,NaN,false,n/a,true,6.507663553053143,10.018673298574074,2.16,mnist__cnn1__brightness__0.25__model_seed42_itr20_sgd_itr1_w1.bin
mnist,cnn1,model_seed42_itr20_sgd_itr1,brightness,0.25,2,4,-14.808052851461397,24.128405069699568,-14.808052851461401,24.128405069699568,true,false,-24.128405069699568,-3.198241151099457,8.881784197001252e-16,8.881784197001252e-16,FLIPPED,n/a,false,false,-3.737896409832093,NaN,false,n/a,true,1.4182856361006995,4.616526787200156,1.661,mnist__cnn1__brightness__0.25__model_seed42_itr20_sgd_itr1_w2.bin
mnist,cnn1,model_seed42_itr20_sgd_itr1,brightness,0.25,2,5,-14.808052851461419,24.12840506969956,-14.80805285146142,24.12840506969956,true,false,-24.12840506969956,-3.232072507063993,4.440892098500626e-16,4.440892098500626e-16,FLIPPED,n/a,false,false,-3.737896409832091,NaN,false,n/a,true,1.8021999845245653,5.034272491588561,1.811,mnist__cnn1__brightness__0.25__model_seed42_itr20_sgd_itr1_w3.bin
mnist,cnn1,model_seed42_itr20_sgd_itr1,brightness,0.25,2,6,-14.808052851461388,24.12840506969956,-14.808052851461403,24.128405069699568,false,false,NaN,NaN,NaN,NaN,n/a,n/a,false,false,NaN,NaN,n/a,n/a,false,NaN,NaN,0.0,
mnist,cnn1,model_seed42_itr20_sgd_itr1,brightness,0.25,2,7,-14.808052851461392,24.12840506969956,-14.808052851461385,24.12840506969956,false,true,-24.12840506969956,-3.321861708095521,-0.0,-0.0,n/a,SAFE,false,true,NaN,-0.0,n/a,false,false,NaN,NaN,1.609,
mnist,cnn1,model_seed42_itr20_sgd_itr1,brightness,0.25,2,8,-14.808052923214422,24.12840506969956,-14.808052851461387,24.12840506969956,false,true,-24.12840506969956,-3.0357618933019372,-0.0,-0.0,n/a,SAFE,false,true,NaN,-0.0,n/a,false,false,NaN,NaN,1.888,
mnist,cnn1,model_seed42_itr20_sgd_itr1,brightness,0.25,2,9,-14.808052851461392,24.12840506969956,-14.808052851461387,24.12840506969956,false,true,-24.12840506969956,-3.1736052790901566,4.440892098500626e-16,4.440892098500626e-16,n/a,SAFE,false,true,NaN,4.440892098500626e-16,n/a,false,false,NaN,NaN,1.649,
mnist,cnn1,model_seed42_itr20_sgd_itr1,brightness,0.25,2,10,-9.748379894166655,27.050029579221825,-9.748379894166654,27.05002840949317,false,false,NaN,NaN,NaN,NaN,n/a,n/a,false,false,NaN,NaN,n/a,n/a,false,NaN,NaN,0.0,
mnist,cnn1,model_seed42_itr20_sgd_itr1,brightness,0.25,2,11,-9.748379894166654,27.050029579221825,-9.748379894166654,27.050028409493166,true,false,-27.050028409493166,-4.244762777580609,-0.0,-0.0,FLIPPED,n/a,false,false,-4.576393064608836,NaN,false,n/a,true,0.6791109195204568,4.923873697101066,2.498,mnist__cnn1__brightness__0.25__model_seed42_itr20_sgd_itr1_w4.bin
mnist,cnn1,model_seed42_itr20_sgd_itr1,brightness,0.25,2,12,-9.748379894166655,27.050029579221825,-9.748379894166655,27.05002840949317,true,false,-27.05002840949317,-4.274342680059318,8.548820484843844e-9,8.548820484843844e-9,FLIPPED,n/a,false,false,-4.576393064608834,NaN,false,n/a,true,0.5246731758228649,4.79901585588218,2.051,mnist__cnn1__brightness__0.25__model_seed42_itr20_sgd_itr1_w5.bin
mnist,cnn1,model_seed42_itr20_sgd_itr1,brightness,0.25,2,13,-9.748379894166655,27.050027875967164,-9.748379894166652,27.050027875967164,false,true,-27.050027875967164,-4.504604290178798,-0.0,-0.0,n/a,SAFE,false,true,NaN,-0.0,n/a,false,false,NaN,NaN,2.179,
mnist,cnn1,model_seed42_itr20_sgd_itr1,brightness,0.25,2,14,-9.748379894166654,27.050029579221825,-9.748379894166654,27.050028409493166,true,false,-27.050028409493166,-4.458762687353473,-0.0,-0.0,FLIPPED,n/a,false,false,-4.576393064608833,NaN,false,n/a,true,0.0,4.458762687353473,2.676,mnist__cnn1__brightness__0.25__model_seed42_itr20_sgd_itr1_w6.bin
mnist,cnn1,model_seed42_itr20_sgd_itr1,brightness,0.25,2,15,-9.748379894166655,27.050029579221825,-9.748379894166655,27.05002840949317,true,false,-27.05002840949317,-4.247930003745102,-0.0,-0.0,FLIPPED,n/a,false,false,-4.576393064608836,NaN,false,n/a,true,4.440892098500626e-16,4.247930003745103,2.198,mnist__cnn1__brightness__0.25__model_seed42_itr20_sgd_itr1_w7.bin
mnist,cnn1,model_seed42_itr20_sgd_itr1,brightness,0.25,2,16,-9.748379894166655,27.050029579221825,-9.748379894166654,27.05002840949317,false,false,NaN,NaN,NaN,NaN,n/a,n/a,false,false,NaN,NaN,n/a,n/a,false,NaN,NaN,0.0,
mnist,cnn1,model_seed42_itr20_sgd_itr1,brightness,0.25,2,17,-9.748379894166654,27.050029579221817,-9.748379894166654,27.050028409493166,true,false,-27.050028409493166,-4.3764672676329965,-0.0,-0.0,FLIPPED,n/a,false,false,-4.576213945379571,NaN,false,n/a,true,2.6353834360723662,7.011850703705367,2.714,mnist__cnn1__brightness__0.25__model_seed42_itr20_sgd_itr1_w8.bin
mnist,cnn1,model_seed42_itr20_sgd_itr1,brightness,0.25,2,18,-9.748379894166655,27.05002840949319,-9.748379894166654,27.050028409493162,false,false,NaN,NaN,NaN,NaN,n/a,n/a,false,false,NaN,NaN,n/a,n/a,false,NaN,NaN,0.0,
mnist,cnn1,model_seed42_itr20_sgd_itr1,brightness,0.25,2,19,-8.870767614395016,33.416529155793945,-8.870767614395017,33.416529155793945,true,false,-33.416529155793945,-5.416602553245395,-0.0,-0.0,FLIPPED,n/a,false,false,-5.646722774840228,NaN,false,n/a,true,5.830396798176915,11.246999351422316,2.028,mnist__cnn1__brightness__0.25__model_seed42_itr20_sgd_itr1_w9.bin
mnist,cnn1,model_seed42_itr20_sgd_itr1,brightness,0.25,2,20,-8.870767614395016,33.416529155793945,-8.870767614395016,33.416529155793945,true,true,-33.416529155793945,-5.21906770857921,2.220446049250313e-16,2.220446049250313e-16,FLIPPED,SAFE,false,true,-5.646722774840225,-0.0,false,false,true,3.695883943131041,8.914951651710254,1.404,mnist__cnn1__brightness__0.25__model_seed42_itr20_sgd_itr1_w10.bin
mnist,cnn1,model_seed42_itr20_sgd_itr1,brightness,0.25,2,21,-8.870767614395016,33.416529155793945,-8.870767614395016,33.416529155793945,true,true,-33.416529155793945,-5.502996017265879,6.661338147750939e-16,6.661338147750939e-16,FLIPPED,SAFE,false,true,-5.646722774840231,-0.0,false,false,true,4.174309387571078,9.677305404836961,1.997,mnist__cnn1__brightness__0.25__model_seed42_itr20_sgd_itr1_w11.bin
mnist,cnn1,model_seed42_itr20_sgd_itr1,brightness,0.25,2,22,-8.870767902500065,33.416529155793945,-8.870767614395016,33.416529155793945,false,true,-33.416529155793945,-4.9049044304262654,-0.0,-0.0,n/a,SAFE,false,true,NaN,-0.0,n/a,false,false,NaN,NaN,1.96,
mnist,cnn1,model_seed42_itr20_sgd_itr1,brightness,0.25,2,23,-8.870767614395017,33.416529155793945,-8.870767614395016,33.416529155793945,false,true,-33.416529155793945,-5.067868148549386,-0.0,-0.0,n/a,SAFE,false,true,NaN,-0.0,n/a,false,false,NaN,NaN,1.98,
mnist,cnn1,model_seed42_itr20_sgd_itr1,brightness,0.25,2,24,-8.870767614395017,33.416529155793945,-8.870767614395016,33.416529155793945,false,true,-33.416529155793945,-4.88961950740259,2.220446049250313e-16,2.220446049250313e-16,n/a,SAFE,false,true,NaN,2.220446049250313e-16,n/a,false,false,NaN,NaN,1.695,
mnist,cnn1,model_seed42_itr20_sgd_itr1,brightness,0.25,2,25,-8.870767614395016,33.416529155793945,-8.870767614395016,33.416529155793945,true,true,-33.416529155793945,-5.179028818960338,6.661338147750939e-16,6.661338147750939e-16,FLIPPED,SAFE,false,true,-5.646722774840228,-0.0,false,false,true,3.7939024512387918,8.972931270199128,1.814,mnist__cnn1__brightness__0.25__model_seed42_itr20_sgd_itr1_w12.bin
mnist,cnn1,model_seed42_itr20_sgd_itr1,brightness,0.25,2,26,-8.870767614395017,33.41652915579395,-8.870767614395016,33.41652915579395,false,true,-33.41652915579395,-5.293360503147394,6.661338147750939e-16,6.661338147750939e-16,n/a,SAFE,false,true,NaN,6.661338147750939e-16,n/a,false,false,NaN,NaN,1.764,
mnist,cnn1,model_seed42_itr20_sgd_itr1,brightness,0.25,2,27,-8.870767614395016,33.416529155793945,-8.870767614395016,33.416529155793945,true,true,-33.416529155793945,-5.513796320817172,3.3306690738754696e-16,3.3306690738754696e-16,FLIPPED,SAFE,false,true,-5.646722774840222,1.2383671865734414e-10,false,false,true,4.282659276174818,9.79645559699199,1.434,mnist__cnn1__brightness__0.25__model_seed42_itr20_sgd_itr1_w13.bin
mnist,cnn1,model_seed42_itr20_sgd_itr1,brightness,0.25,2,28,-10.570439428714192,30.975634798209857,-10.570439428714186,30.975634798209857,false,true,-30.975634798209857,-4.853691285779002,-0.0,-0.0,n/a,SAFE,false,true,NaN,-0.0,n/a,false,false,NaN,NaN,1.471,
mnist,cnn1,model_seed42_itr20_sgd_itr1,brightness,0.25,2,29,-10.570439428714165,30.975634798209853,-10.570439428714183,30.975634798209853,true,false,-30.975634798209853,-4.857097045823371,-0.0,-0.0,FLIPPED,n/a,false,false,-4.952388606961145,NaN,false,n/a,true,3.698727541546753,8.555824587370125,1.583,mnist__cnn1__brightness__0.25__model_seed42_itr20_sgd_itr1_w14.bin
mnist,cnn1,model_seed42_itr20_sgd_itr1,brightness,0.25,2,30,-10.570439428714167,30.97563479820985,-10.570439428714185,30.97563479820985,true,false,-30.97563479820985,-4.5253622302971515,1.1102230246251565e-16,1.1102230246251565e-16,FLIPPED,n/a,false,false,-4.9523886069611445,NaN,false,n/a,true,1.1303444748100069,5.655706705107159,1.448,mnist__cnn1__brightness__0.25__model_seed42_itr20_sgd_itr1_w15.bin
mnist,cnn1,model_seed42_itr20_sgd_itr1,brightness,0.25,2,31,-10.570439428714193,30.97563479820985,-10.57043942871419,30.97563479820985,false,true,-30.97563479820985,-4.587940414192349,-0.0,-0.0,n/a,SAFE,false,true,NaN,-0.0,n/a,false,false,NaN,NaN,1.514,
mnist,cnn1,model_seed42_itr20_sgd_itr1,brightness,0.25,2,32,-10.570439428714192,30.975634798209853,-10.570439428714185,30.975634798209853,false,true,-30.975634798209853,-4.477724029021397,-0.0,-0.0,n/a,SAFE,false,true,NaN,-0.0,n/a,false,false,NaN,NaN,1.705,
mnist,cnn1,model_seed42_itr20_sgd_itr1,brightness,0.25,2,33,-10.570439428714192,30.97563479820987,-10.570439428714183,30.97563479820985,false,false,NaN,NaN,NaN,NaN,n/a,n/a,false,false,NaN,NaN,n/a,n/a,false,NaN,NaN,0.0,
mnist,cnn1,model_seed42_itr20_sgd_itr1,brightness,0.25,2,34,-10.570439428714193,30.97563479820985,-10.570439428714185,30.975634798209853,false,true,-30.975634798209853,-4.790461305076583,-0.0,-0.0,n/a,SAFE,false,true,NaN,-0.0,n/a,false,false,NaN,NaN,1.533,
mnist,cnn1,model_seed42_itr20_sgd_itr1,brightness,0.25,2,35,-10.570439428714193,30.975634798209853,-10.570439428714186,30.97563479820986,false,true,-30.97563479820986,-4.802110734276318,-0.0,-0.0,n/a,SAFE,false,true,NaN,-0.0,n/a,false,false,NaN,NaN,1.891,
mnist,cnn1,model_seed42_itr20_sgd_itr1,brightness,0.25,2,36,-10.570439428714193,30.975634798209857,-10.570439428714185,30.975634798209857,false,true,-30.975634798209857,-4.6552859025973286,-0.0,-0.0,n/a,SAFE,false,true,NaN,-0.0,n/a,false,false,NaN,NaN,1.483,
mnist,cnn1,model_seed42_itr20_sgd_itr1,brightness,0.25,2,37,-9.583237665685274,25.400756263984935,-9.583237665685274,25.40088129654968,false,true,-25.40088129654968,-4.089748140484784,-0.0,-0.0,n/a,SAFE,false,true,NaN,-0.0,n/a,false,false,NaN,NaN,1.656,
mnist,cnn1,model_seed42_itr20_sgd_itr1,brightness,0.25,2,38,-9.583237665685274,25.400756263984935,-9.583237665685278,25.40075626398492,true,false,-25.40075626398492,-4.483433595374556,2.220446049250313e-16,2.220446049250313e-16,FLIPPED,n/a,false,false,-4.709926875821567,NaN,false,n/a,true,2.558216572156691,7.041650167531246,1.71,mnist__cnn1__brightness__0.25__model_seed42_itr20_sgd_itr1_w16.bin
mnist,cnn1,model_seed42_itr20_sgd_itr1,brightness,0.25,2,39,-9.583237665685274,25.400756263984942,-9.583237665685273,25.400884898784657,false,true,-25.400884898784657,-4.011587876507299,-0.0,-0.0,n/a,SAFE,false,true,NaN,-0.0,n/a,false,false,NaN,NaN,1.504,
mnist,cnn1,model_seed42_itr20_sgd_itr1,brightness,0.25,2,40,-9.583237665685273,25.400756263984935,-9.583237665685273,25.40088199771885,false,true,-25.40088199771885,-4.185570183035789,8.881784197001252e-16,8.881784197001252e-16,n/a,SAFE,false,true,NaN,8.881784197001252e-16,n/a,false,false,NaN,NaN,1.773,
mnist,cnn1,model_seed42_itr20_sgd_itr1,brightness,0.25,2,41,-9.583237665685273,25.400756263984935,-9.583059305033078,25.40088070355483,false,true,-25.40088070355483,-4.115649036438734,-0.0,-0.0,n/a,SAFE,false,true,NaN,-0.0,n/a,false,false,NaN,NaN,1.67,
mnist,cnn1,model_seed42_itr20_sgd_itr1,brightness,0.25,2,42,-9.583237665685274,25.400756263984935,-9.583237665685274,25.40088199771885,false,true,-25.40088199771885,-4.422149163650713,-0.0,-0.0,n/a,SAFE,false,true,NaN,-0.0,n/a,false,false,NaN,NaN,1.909,
mnist,cnn1,model_seed42_itr20_sgd_itr1,brightness,0.25,2,43,-9.583237665685289,25.400756263984935,-9.583237665685287,25.400756263984935,false,true,-25.400756263984935,-4.450741385148821,-0.0,-0.0,n/a,SAFE,false,true,NaN,-0.0,n/a,false,false,NaN,NaN,1.832,
mnist,cnn1,model_seed42_itr20_sgd_itr1,brightness,0.25,2,44,-9.583237665685278,25.400756263984935,-9.583237665685273,25.400881170327505,false,true,-25.400881170327505,-4.010056162738676,-0.0,-0.0,n/a,SAFE,false,true,NaN,-0.0,n/a,false,false,NaN,NaN,2.116,
mnist,cnn1,model_seed42_itr20_sgd_itr1,brightness,0.25,2,45,-9.583237665685274,25.400756263984935,-9.583237665685292,25.40075626398493,true,false,-25.40075626398493,-3.8747057370816047,-0.0,-0.0,FLIPPED,n/a,false,false,-4.709926875821575,NaN,false,n/a,true,1.4389001547050548,5.313605891786659,1.918,mnist__cnn1__brightness__0.25__model_seed42_itr20_sgd_itr1_w17.bin
mnist,cnn1,model_seed42_itr20_sgd_itr1,brightness,0.25,2,46,-12.972473894500775,31.905579245175765,-12.972473894500775,31.905579245175762,true,false,-31.905579245175762,-1.6370461419494424,31.905579245175765,0.4975391738416975,WRONG,n/a,false,false,-2.440922202153261,NaN,false,n/a,true,0.46177859913742025,2.098824741086861,0.417,mnist__cnn1__brightness__0.25__model_seed42_itr20_sgd_itr1_w18.bin
mnist,cnn1,model_seed42_itr20_sgd_itr1,brightness,0.25,2,47,-12.972473894500773,31.905579245175762,-12.972473894500773,31.905579245175762,true,true,-31.905579245175762,-2.2659682902616587,1.5890388798556265,0.9104403619490622,WRONG,WRONG,false,false,-2.440922202153265,0.910440361949064,false,false,true,0.0,2.2659682902616582,3.105,mnist__cnn1__brightness__0.25__model_seed42_itr20_sgd_itr1_w19.bin
mnist,cnn1,model_seed42_itr20_sgd_itr1,brightness,0.25,2,48,-12.972473894500773,31.905579245175762,-12.972473894500771,31.905579245175762,false,true,-31.905579245175762,-1.545993573455732,4.5211208171763415,0.6990718431104948,n/a,WRONG,false,false,NaN,0.8890087970753637,n/a,false,true,0.6990718431104945,2.5396351688300456e-15,4.238,mnist__cnn1__brightness__0.25__model_seed42_itr20_sgd_itr1_w20.bin
mnist,cnn1,model_seed42_itr20_sgd_itr1,brightness,0.25,2,49,-12.972473894500773,31.905579245175762,-12.972473894500773,31.905579245175765,false,true,-2.47483827353226,-2.3636355907173234,0.9981276746999374,0.5982912176577733,n/a,WRONG,false,false,NaN,0.8792475618549966,n/a,false,true,1.2752661192112456,0.6769749015534735,5.853,mnist__cnn1__brightness__0.25__model_seed42_itr20_sgd_itr1_w21.bin
mnist,cnn1,model_seed42_itr20_sgd_itr1,brightness,0.25,2,50,-12.972473894500775,31.905579245175762,-12.972473894500775,31.905579245175762,true,true,-31.905579245175762,-1.700532772412531,31.905579245175762,0.1119658304188782,WRONG,WRONG,false,false,-2.4409222021532653,0.9104403619490609,false,false,true,1.242747118026316,2.9432798904388453,0.451,mnist__cnn1__brightness__0.25__model_seed42_itr20_sgd_itr1_w22.bin
mnist,cnn1,model_seed42_itr20_sgd_itr1,brightness,0.25,2,51,-12.972473894500773,31.905579245175755,-12.972473894500773,31.90557924517576,false,true,-31.90557924517576,-1.4903485659346902,31.905579245175755,0.024429880611747112,n/a,WRONG,false,false,NaN,0.8513307777902623,n/a,false,true,0.8814665190053596,0.8570366383936125,0.416,mnist__cnn1__brightness__0.25__model_seed42_itr20_sgd_itr1_w23.bin
mnist,cnn1,model_seed42_itr20_sgd_itr1,brightness,0.25,2,52,-12.972473894500775,31.905579245175755,-12.972473894500775,31.905579245175762,false,true,-31.905579245175762,-1.7030571684329125,2.615730571814014,0.6436749736783898,n/a,WRONG,false,false,NaN,0.7468654985307293,n/a,false,true,1.6779687420107183,1.03429376833233,5.673,mnist__cnn1__brightness__0.25__model_seed42_itr20_sgd_itr1_w24.bin
mnist,cnn1,model_seed42_itr20_sgd_itr1,brightness,0.25,2,53,-12.972473894500775,31.905579245175762,-12.972473894500775,31.905579245175765,false,true,-31.905579245175765,-1.5780978632362541,1.5860030161278798,0.9104403619490613,n/a,WRONG,false,false,NaN,0.910440361949064,n/a,false,true,1.8220711500928073,0.9116307881437435,2.944,mnist__cnn1__brightness__0.25__model_seed42_itr20_sgd_itr1_w25.bin
mnist,cnn1,model_seed42_itr20_sgd_itr1,brightness,0.25,2,54,-12.972473894500773,31.905579245175762,-12.972473894500773,31.905579245175762,true,true,-31.905579245175762,-2.199632524447476,1.630003555901585,0.8890087970753644,WRONG,WRONG,false,false,-2.4409222021532653,0.9104403619490622,false,false,true,0.9615399553986893,3.161172479846168,2.257,mnist__cnn1__brightness__0.25__model_seed42_itr20_sgd_itr1_w26.bin
